order_id,order_date,customer_id,product_id,quantity,sales_amount,profit,region
1,02-08-2024,C333,161,4,1764,329.47,West
2,30-06-2024,C106,231,7,2478,408.63,North
3,06-11-2024,C278,44,1,94,25.18,West
4,08-05-2024,C123,663,2,536,75.39,North
5,07-01-2024,C179,967,6,2280,548.25,East
6,15-10-2024,C282,308,9,2898,411.95,West
7,04-07-2024,C162,640,7,2051,478.66,East
8,25-05-2024,C045,811,6,570,121.62,East
9,12-01-2024,C080,86,10,3660,286.93,East
10,31-10-2024,C323,62,10,2700,452.33,South
11,29-10-2024,C434,210,4,1784,463.7,West
12,16-10-2024,C173,694,10,4720,769.19,East
13,27-07-2024,C062,863,6,2010,587.67,West
14,06-10-2024,C378,535,8,3928,1003.58,West
15,21-11-2024,C034,591,1,198,22.37,South
16,11-08-2024,C144,663,10,2410,408.56,East
17,13-12-2024,C276,410,4,408,121.11,East
18,29-04-2024,C195,871,7,777,112.45,West
19,02-12-2024,C422,530,10,2720,231.41,East
20,05-11-2024,C341,160,6,1632,294.52,South
21,17-04-2024,C400,821,7,3199,893.44,North
22,20-11-2024,C394,665,4,1676,424.8,East
23,09-08-2024,C110,995,2,526,126.48,East
24,26-09-2024,C402,816,7,2632,638.34,North
25,03-03-2024,C110,129,7,1148,191.99,West
26,08-03-2024,C467,99,2,614,161.26,South
27,06-05-2024,C245,606,4,1688,431.43,East
28,12-01-2024,C051,184,7,3339,737.1,North
29,16-05-2024,C135,29,1,488,111.83,South
30,19-12-2024,C405,503,3,777,206.15,South
31,30-01-2024,C070,475,10,1130,220.75,West
32,18-04-2024,C281,932,4,1132,100.31,North
33,22-05-2024,C300,194,5,2490,736.19,East
34,15-02-2024,C146,661,8,496,83,South
35,02-06-2024,C066,651,6,2634,576.36,North
36,05-07-2024,C437,916,8,1320,392.72,South
37,19-08-2024,C223,447,7,3213,886.5,West
38,15-04-2024,C011,856,5,535,75.48,North
39,22-01-2024,C295,246,6,2358,362.45,North
40,02-08-2024,C270,636,9,2610,346.1,North
41,21-07-2024,C088,627,4,512,92.61,North
42,12-04-2024,C133,887,1,120,29.18,North
43,30-01-2024,C052,456,9,3087,547.44,East
44,07-01-2024,C421,597,4,264,20.71,South
45,06-11-2024,C492,641,5,1565,261.89,West
46,30-03-2024,C264,372,3,819,141.61,South
47,16-02-2024,C373,228,3,372,50.12,South
48,26-08-2024,C159,270,9,639,146.22,West
49,22-10-2024,C311,287,9,1935,191.89,North
50,27-09-2024,C466,964,10,4830,673.19,South
51,24-09-2024,C110,165,6,2040,277.36,East
52,06-07-2024,C099,313,7,2982,177.95,South
53,27-08-2024,C418,206,2,412,49.14,West
54,20-06-2024,C324,838,5,1610,190.03,South
55,19-10-2024,C129,822,6,2262,190.28,South
56,21-04-2024,C403,824,7,2023,406.92,East
57,05-12-2024,C035,206,1,343,40.26,South
58,26-01-2024,C338,213,4,1892,469.65,West
59,06-08-2024,C471,755,8,2824,164.16,North
60,03-08-2024,C378,437,9,3771,920.86,North
61,09-08-2024,C169,608,9,2223,576.53,North
62,05-05-2024,C058,881,9,2394,160.54,West
63,07-01-2024,C470,906,4,536,122.99,East
64,13-07-2024,C124,866,6,2544,611.08,South
65,22-06-2024,C131,337,4,972,51.42,North
66,19-10-2024,C010,801,4,640,34.94,East
67,02-08-2024,C322,769,8,3872,1124.68,North
68,27-01-2024,C319,576,4,1064,173.69,East
69,17-07-2024,C341,14,10,2260,618.43,North
70,13-06-2024,C130,864,2,704,40.89,West
71,05-12-2024,C381,562,5,1280,356.74,North
72,05-02-2024,C408,564,6,1656,167.41,North
73,17-12-2024,C054,188,2,128,21.81,North
74,31-03-2024,C065,82,1,379,64.24,North
75,16-09-2024,C185,616,6,1104,123.72,East
76,16-03-2024,C136,188,2,624,112.88,North
77,10-06-2024,C018,990,6,1698,477.22,West
78,30-06-2024,C164,854,4,1148,139.86,East
79,31-12-2024,C163,410,6,2712,720.37,North
80,04-05-2024,C033,520,10,1890,366.69,West
81,04-05-2024,C111,935,3,366,84.79,East
82,29-03-2024,C145,536,6,1536,418.69,East
83,25-08-2024,C297,852,7,2968,330.91,West
84,28-06-2024,C006,326,2,460,66.79,South
85,11-09-2024,C432,55,9,936,227.41,West
86,22-06-2024,C403,340,2,884,85.51,North
87,04-04-2024,C342,499,3,807,178.18,West
88,12-06-2024,C321,552,9,1494,277,East
89,27-06-2024,C376,670,4,920,274,North
90,17-07-2024,C066,289,1,364,45.33,North
91,15-10-2024,C191,668,10,4580,1049.38,South
92,06-02-2024,C228,215,7,1946,511.43,South
93,04-11-2024,C244,333,10,3530,340.03,North
94,11-06-2024,C347,534,5,1120,304.94,South
95,16-06-2024,C415,830,3,1467,94.69,South
96,24-12-2024,C277,283,2,298,83.68,South
97,28-04-2024,C289,365,9,1440,430.03,West
98,23-09-2024,C487,307,8,960,98.93,South
99,07-07-2024,C049,649,3,981,143.17,South
100,12-11-2024,C454,632,3,1383,159.67,South
101,17-03-2024,C431,469,3,1437,269.61,West
102,11-02-2024,C391,440,6,1074,119.23,South
103,18-03-2024,C079,993,2,438,110.74,East
104,08-02-2024,C227,747,7,763,75.14,North
105,08-09-2024,C364,311,1,461,53.04,North
106,02-08-2024,C062,97,7,532,47.13,South
107,03-03-2024,C258,960,6,2052,567.53,North
108,07-05-2024,C005,240,1,299,72.99,North
109,09-11-2024,C466,258,6,2148,126.51,West
110,28-06-2024,C351,352,2,472,89.47,South
111,02-04-2024,C002,321,10,3590,715.61,West
112,07-10-2024,C021,200,2,162,32.99,South
113,07-03-2024,C461,946,8,2744,635.44,North
114,06-11-2024,C134,229,2,716,209.21,West
115,15-09-2024,C408,551,10,1140,340.28,East
116,10-12-2024,C435,490,1,52,5.55,South
117,02-04-2024,C211,966,4,912,49.65,North
118,25-09-2024,C217,122,2,454,65.77,East
119,26-04-2024,C051,862,10,3570,794.17,West
120,26-11-2024,C135,13,9,1215,88.07,South
121,13-04-2024,C217,665,6,930,227.69,North
122,14-05-2024,C067,767,7,3360,771.97,West
123,28-06-2024,C003,84,10,1750,345.25,North
124,15-04-2024,C368,966,6,1884,239.75,West
125,16-01-2024,C119,793,7,525,138.1,North
126,30-01-2024,C010,668,5,1295,371.33,East
127,26-03-2024,C339,600,4,1260,90.05,South
128,22-07-2024,C259,903,5,815,104,North
129,15-10-2024,C012,924,3,255,41.07,South
130,02-12-2024,C320,114,10,500,26.93,East
131,16-07-2024,C401,48,3,1104,243.63,West
132,18-12-2024,C069,774,3,1419,408.19,West
133,27-10-2024,C395,216,4,1556,82.27,South
134,29-11-2024,C063,275,1,103,10.52,East
135,27-05-2024,C190,654,5,1510,132.11,South
136,14-04-2024,C167,769,4,1108,87.09,North
137,16-07-2024,C454,66,1,304,65.43,East
138,24-08-2024,C437,363,9,2547,141.37,East
139,03-09-2024,C050,522,5,1030,207.38,West
140,24-09-2024,C326,700,3,1347,214.94,South
141,27-09-2024,C495,998,2,602,117.72,North
142,25-05-2024,C426,698,3,282,22.24,South
143,13-03-2024,C173,923,4,1944,289.03,West
144,26-02-2024,C428,951,3,558,36.25,South
145,05-03-2024,C069,967,7,854,227.01,North
146,18-07-2024,C197,973,6,2172,312.97,North
147,17-08-2024,C327,521,1,130,32.35,North
148,30-10-2024,C250,991,7,2457,668.5,South
149,08-10-2024,C005,623,8,1432,204.62,West
150,15-06-2024,C183,892,9,1107,149.2,West
151,08-05-2024,C161,490,8,3712,1103.85,West
152,29-09-2024,C025,967,2,868,229.22,West
153,03-05-2024,C475,384,9,639,88.6,East
154,08-08-2024,C393,691,8,3712,338.5,North
155,18-10-2024,C189,466,7,1778,402.4,East
156,04-08-2024,C430,493,6,2556,491.55,South
157,25-12-2024,C491,892,6,1644,461.1,East
158,13-04-2024,C329,518,6,804,190.85,East
159,09-02-2024,C202,605,5,895,48.38,West
160,01-10-2024,C391,847,5,595,145.6,East
161,22-12-2024,C010,811,9,2889,450.11,North
162,12-07-2024,C160,713,8,2120,582.98,West
163,27-06-2024,C129,618,5,1970,111.3,North
164,11-09-2024,C106,822,8,1000,118.63,South
165,24-12-2024,C142,610,4,924,205.26,East
166,08-05-2024,C228,641,7,1722,254.95,North
167,28-03-2024,C225,562,1,324,55.55,East
168,01-03-2024,C236,638,7,3430,1002.63,East
169,26-01-2024,C432,956,7,2191,295.02,West
170,03-10-2024,C210,385,2,934,126.76,West
171,29-04-2024,C216,290,8,1832,225.71,West
172,08-12-2024,C064,705,3,1152,191.64,West
173,09-09-2024,C086,89,2,584,158.35,East
174,19-05-2024,C238,88,4,1600,374.51,North
175,23-12-2024,C372,478,9,3807,312.98,West
176,20-01-2024,C140,36,3,660,83.84,East
177,20-10-2024,C412,617,10,730,103.39,East
178,21-12-2024,C238,257,4,936,145.4,South
179,31-07-2024,C084,75,10,4980,339.79,West
180,10-07-2024,C360,224,4,720,70.96,South
181,22-03-2024,C021,969,7,1925,381.77,South
182,24-11-2024,C393,231,10,1940,155.56,North
183,12-07-2024,C415,637,4,484,112.06,South
184,10-11-2024,C004,95,5,2295,483.71,East
185,23-08-2024,C049,180,3,1434,173.41,West
186,24-03-2024,C072,455,2,172,49.2,East
187,14-01-2024,C038,565,8,3920,1121.94,East
188,11-12-2024,C191,568,9,4338,1194.75,North
189,04-03-2024,C244,883,3,1344,235.63,South
190,11-04-2024,C451,220,3,1428,257.99,South
191,16-02-2024,C108,19,9,2700,185.81,South
192,05-06-2024,C464,519,9,2088,455.38,West
193,26-05-2024,C273,631,6,2622,295.08,West
194,13-09-2024,C198,357,5,2120,186.8,East
195,11-02-2024,C162,222,9,4212,408.21,East
196,25-03-2024,C350,124,7,371,104.43,West
197,08-04-2024,C007,26,7,2842,818.11,East
198,12-03-2024,C009,910,7,2716,527.18,South
199,10-07-2024,C339,81,8,1656,179.4,East
200,04-06-2024,C047,90,4,1772,434.96,North
201,26-09-2024,C351,244,9,3051,468.64,North
202,23-09-2024,C041,501,10,4730,392.54,South
203,05-08-2024,C450,433,6,792,146.36,South
204,25-07-2024,C112,67,6,1170,226.03,East
205,02-06-2024,C145,188,3,1173,141.77,East
206,02-08-2024,C450,659,8,2488,178.83,East
207,15-09-2024,C331,668,6,1200,279.64,North
208,14-03-2024,C346,76,9,3654,236.87,West
209,05-11-2024,C475,153,5,620,61.18,East
210,03-10-2024,C357,107,1,295,35.67,West
211,18-03-2024,C311,86,4,1016,299.4,West
212,27-12-2024,C399,691,5,1915,361.86,East
213,24-01-2024,C190,490,7,413,33.3,East
214,04-10-2024,C334,427,10,2280,306.7,North
215,19-07-2024,C076,285,7,679,197.91,South
216,13-12-2024,C195,853,8,3704,989.19,East
217,02-06-2024,C091,233,4,1068,182.4,South
218,15-01-2024,C312,267,6,696,180.9,North
219,21-06-2024,C278,618,3,600,120.73,North
220,14-05-2024,C260,468,6,1890,518.45,South
221,13-08-2024,C291,556,6,2736,394.24,East
222,23-01-2024,C132,182,2,814,160.19,North
223,07-03-2024,C286,387,10,960,205.1,North
224,29-02-2024,C054,31,6,348,83.06,South
225,30-08-2024,C142,645,2,674,169.05,North
226,23-06-2024,C326,425,8,3760,702.81,East
227,24-08-2024,C369,293,5,820,138.84,East
228,05-12-2024,C206,746,3,1158,179.97,East
229,25-09-2024,C001,764,2,952,246.39,East
230,25-07-2024,C111,984,2,184,41.89,West
231,30-08-2024,C168,366,5,630,61.47,South
232,06-09-2024,C125,971,8,3200,214.43,South
233,08-01-2024,C457,33,1,114,26.26,West
234,16-01-2024,C459,908,9,4239,255.8,North
235,21-07-2024,C176,686,1,256,74.8,East
236,22-05-2024,C320,831,10,3680,297.33,West
237,10-03-2024,C309,648,9,2511,307.26,South
238,26-08-2024,C433,902,6,402,47.5,North
239,19-01-2024,C459,858,9,1530,387.77,East
240,07-07-2024,C269,931,7,1904,284.33,East
241,21-08-2024,C127,26,3,582,43.24,South
242,25-10-2024,C104,60,4,636,157.24,South
243,17-08-2024,C220,893,8,648,44.36,North
244,31-08-2024,C438,301,7,1988,490.45,West
245,10-11-2024,C362,219,4,948,264.25,South
246,26-11-2024,C328,796,8,1432,212.35,West
247,16-08-2024,C187,248,8,2792,332.14,South
248,01-09-2024,C373,313,9,576,171.82,East
249,29-10-2024,C326,327,5,2425,548.98,South
250,11-06-2024,C217,357,8,3472,323.1,North
251,08-05-2024,C455,525,4,1348,294.18,South
252,02-12-2024,C304,238,7,588,160.05,East
253,25-04-2024,C116,338,3,1092,280.79,North
254,16-05-2024,C185,766,7,1302,198.3,South
255,07-01-2024,C321,836,3,1344,231.67,North
256,03-09-2024,C264,938,6,2784,324.11,West
257,09-05-2024,C457,664,10,4700,998.63,South
258,19-12-2024,C361,254,4,1152,282.15,West
259,12-03-2024,C119,116,6,1416,113.1,East
260,15-07-2024,C215,720,2,128,13.32,West
261,26-04-2024,C196,91,9,3168,503.26,North
262,26-06-2024,C012,218,2,204,18.52,South
263,07-04-2024,C144,947,2,312,28.33,West
264,23-09-2024,C159,886,7,3430,458.74,South
265,29-01-2024,C279,71,5,850,213.53,West
266,09-12-2024,C190,624,5,1415,270.33,West
267,16-01-2024,C234,996,7,819,179.65,North
268,01-08-2024,C267,553,9,1278,267.9,West
269,04-07-2024,C498,240,1,128,22.51,East
270,05-05-2024,C060,649,4,696,128.39,South
271,04-03-2024,C284,594,5,1095,167.86,North
272,20-05-2024,C156,987,3,1452,198.53,East
273,07-06-2024,C437,715,1,275,48.7,East
274,15-09-2024,C368,429,5,1530,421.11,East
275,21-12-2024,C121,62,1,205,25.25,West
276,29-06-2024,C155,306,1,131,26.23,East
277,22-12-2024,C306,748,4,748,218.25,North
278,09-08-2024,C472,551,7,2058,439.38,West
279,06-07-2024,C362,571,7,2065,133.22,East
280,09-02-2024,C319,928,7,1785,465.92,North
281,20-09-2024,C142,212,6,2952,876.21,West
282,30-06-2024,C043,349,10,4690,1110.06,West
283,27-08-2024,C415,908,1,330,26.7,West
284,04-06-2024,C138,231,6,2568,414.53,West
285,10-11-2024,C246,178,6,2796,291.11,West
286,12-04-2024,C005,672,9,2628,271.7,East
287,09-05-2024,C002,366,6,1962,139.47,West
288,23-04-2024,C024,395,10,3470,438.64,North
289,04-07-2024,C222,133,9,1503,188.88,West
290,16-06-2024,C099,359,8,1720,452.48,North
291,04-06-2024,C357,343,6,2268,308.07,North
292,12-09-2024,C420,649,10,530,26.62,South
293,19-02-2024,C102,431,5,895,58.89,West
294,09-06-2024,C112,869,7,1302,144.95,North
295,25-09-2024,C490,119,2,116,31.27,West
296,06-11-2024,C335,674,6,2196,571.01,North
297,09-08-2024,C006,905,2,106,7.44,South
298,07-04-2024,C194,734,6,2832,693.95,East
299,21-02-2024,C243,666,4,628,157.48,South
300,15-04-2024,C174,321,2,744,156.69,North
301,11-09-2024,C489,917,7,602,170.16,East
302,18-01-2024,C116,936,3,231,44.07,East
303,18-12-2024,C005,983,10,930,267.43,East
304,04-10-2024,C162,290,3,1068,272.88,North
305,12-01-2024,C115,676,6,774,185.18,West
306,13-08-2024,C488,571,8,608,84.56,West
307,30-04-2024,C322,93,9,1836,207.03,South
308,30-01-2024,C364,869,9,4473,779.55,South
309,30-11-2024,C402,298,1,355,44.14,West
310,08-04-2024,C091,837,1,193,54.41,South
311,27-11-2024,C268,142,5,360,73.76,South
312,16-12-2024,C384,429,3,255,43.32,West
313,03-09-2024,C390,552,4,1508,443.99,South
314,09-02-2024,C495,305,6,696,181.56,East
315,11-04-2024,C019,712,10,4190,278.92,North
316,25-12-2024,C180,210,4,1764,497.97,South
317,22-06-2024,C220,310,4,1384,193.57,East
318,21-07-2024,C366,717,3,1491,310.92,North
319,25-12-2024,C428,659,8,1136,179.46,West
320,12-10-2024,C188,49,10,1520,359.37,North
321,19-11-2024,C336,839,4,1092,173.24,West
322,30-07-2024,C463,333,7,651,48.47,East
323,04-07-2024,C364,710,8,1312,90.7,West
324,05-01-2024,C440,844,1,292,53.39,North
325,15-11-2024,C460,29,3,627,186.41,South
326,10-01-2024,C178,626,10,1540,129.56,South
327,16-02-2024,C293,967,2,320,63.8,North
328,30-06-2024,C046,845,4,776,97.32,West
329,24-04-2024,C356,182,8,1360,107.32,West
330,16-07-2024,C175,461,7,2597,628.13,South
331,19-06-2024,C424,365,1,107,18.97,North
332,14-01-2024,C431,710,6,864,71.6,East
333,28-07-2024,C340,39,4,256,60.18,North
334,05-09-2024,C061,539,7,2989,884.06,North
335,20-02-2024,C189,297,3,165,31.29,East
336,27-01-2024,C182,169,6,2154,289.3,East
337,24-12-2024,C419,744,4,264,52.07,West
338,02-11-2024,C477,532,9,1449,148.65,South
339,24-09-2024,C069,884,9,738,90.51,North
340,13-02-2024,C112,412,6,756,43.95,South
341,07-11-2024,C247,936,7,3157,303.8,East
342,29-01-2024,C383,771,5,810,162.14,East
343,09-08-2024,C136,805,6,2616,765.42,South
344,27-04-2024,C092,516,10,3250,584.79,South
345,22-04-2024,C461,18,4,272,80.18,South
346,09-01-2024,C095,512,5,505,34.29,North
347,06-03-2024,C283,972,2,452,122.32,North
348,08-11-2024,C110,12,8,2824,614.89,North
349,07-04-2024,C439,153,9,1656,277.63,East
350,09-04-2024,C354,217,10,3770,787.89,North
351,26-04-2024,C486,632,10,2290,289.31,East
352,26-10-2024,C233,972,4,300,77.55,West
353,07-01-2024,C080,896,9,2295,352.05,East
354,20-08-2024,C271,93,9,4149,993.46,West
355,18-10-2024,C321,307,7,2807,166.91,South
356,12-05-2024,C301,249,2,822,180.65,East
357,18-04-2024,C407,490,5,1230,367,East
358,11-04-2024,C128,886,4,752,164.77,North
359,26-04-2024,C189,594,3,252,63.57,East
360,26-03-2024,C166,543,6,1002,205.77,North
361,12-06-2024,C248,805,3,1095,175.4,South
362,29-08-2024,C212,793,5,2155,227.77,East
363,06-02-2024,C425,451,1,110,30.2,West
364,01-03-2024,C382,393,5,1950,290.63,West
365,01-05-2024,C235,208,5,2185,176.74,South
366,28-03-2024,C361,816,6,2730,486.33,West
367,12-02-2024,C360,661,5,1475,80.74,East
368,09-04-2024,C424,861,5,850,64.27,South
369,30-07-2024,C472,527,2,516,43.95,West
370,21-10-2024,C197,860,6,1746,295.64,South
371,06-06-2024,C311,154,3,591,171.98,East
372,05-01-2024,C131,648,7,2065,429.73,North
373,28-10-2024,C071,416,8,1336,343.2,North
374,22-07-2024,C178,863,10,1880,416.57,East
375,24-01-2024,C243,116,8,640,42.11,West
376,28-03-2024,C135,629,9,2052,367.59,East
377,21-09-2024,C477,489,1,286,47.56,South
378,09-11-2024,C078,93,10,3480,767.88,East
379,19-08-2024,C180,307,3,888,47.02,South
380,25-07-2024,C017,627,4,776,179.87,West
381,27-02-2024,C494,701,2,502,74.77,South
382,02-02-2024,C482,442,5,555,120.08,North
383,07-08-2024,C063,924,1,483,62,East
384,30-05-2024,C028,475,2,782,183.21,North
385,19-05-2024,C288,461,10,3810,286.88,East
386,31-10-2024,C418,95,10,1680,422.73,North
387,05-08-2024,C130,417,7,1204,339.84,South
388,28-10-2024,C039,187,4,1204,131.38,West
389,20-04-2024,C257,358,10,4990,1047.52,East
390,10-06-2024,C324,116,4,1336,80.97,South
391,04-09-2024,C131,569,6,582,114.45,West
392,24-01-2024,C316,441,1,465,75.5,West
393,22-04-2024,C351,951,6,1440,302.48,East
394,02-08-2024,C453,610,1,71,19.78,South
395,09-05-2024,C473,649,7,1078,151.73,South
396,21-10-2024,C410,711,6,1860,440.92,North
397,23-05-2024,C121,163,8,864,207.87,South
398,23-02-2024,C284,369,10,1960,223.7,South
399,07-04-2024,C022,220,9,1476,363.05,West
400,07-09-2024,C160,355,9,2277,217.25,North
401,29-08-2024,C461,916,8,2896,408.91,East
402,11-05-2024,C090,681,4,212,29.39,East
403,11-06-2024,C444,160,9,3798,1066.98,West
404,29-05-2024,C196,285,5,475,59.27,West
405,01-09-2024,C496,337,2,442,64.68,East
406,09-04-2024,C249,274,5,350,17.54,West
407,29-04-2024,C323,502,7,1610,270.59,West
408,16-08-2024,C021,961,9,3447,729.09,South
409,26-02-2024,C276,675,8,3856,491.69,North
410,20-09-2024,C058,99,10,1290,217.73,West
411,03-12-2024,C474,511,8,2168,607.93,West
412,24-04-2024,C288,936,5,965,67.26,East
413,18-01-2024,C181,613,10,4210,800.41,South
414,22-09-2024,C425,820,10,2950,304.24,North
415,28-01-2024,C050,844,5,935,267.51,East
416,19-08-2024,C104,516,2,118,21.88,South
417,11-10-2024,C153,282,2,238,26.49,West
418,27-02-2024,C184,593,4,1976,129.85,North
419,05-09-2024,C481,83,4,1348,238.66,North
420,10-03-2024,C397,165,9,1413,376.7,South
421,24-01-2024,C234,172,1,451,132.78,West
422,18-01-2024,C314,431,3,183,24.89,East
423,24-05-2024,C423,825,6,1554,137.61,North
424,17-08-2024,C226,806,10,1850,134.55,East
425,04-01-2024,C465,560,1,486,106.96,North
426,15-06-2024,C149,678,7,896,103.87,West
427,20-04-2024,C229,586,1,222,35.67,East
428,28-08-2024,C058,371,10,1650,375.5,East
429,15-12-2024,C041,248,8,3592,918.82,East
430,08-11-2024,C438,660,10,4380,672.36,South
431,14-03-2024,C164,624,2,770,170.52,South
432,04-02-2024,C178,364,4,1944,491.35,East
433,03-07-2024,C115,329,6,576,90.56,West
434,04-04-2024,C058,95,8,1784,374.1,West
435,24-02-2024,C257,371,10,3340,229.19,West
436,22-05-2024,C065,893,8,3672,370.09,West
437,11-07-2024,C463,67,9,3780,226.55,West
438,18-07-2024,C042,930,6,2268,136.58,East
439,16-09-2024,C388,593,6,1536,241.02,East
440,15-05-2024,C411,819,3,762,181.19,South
441,01-09-2024,C100,929,10,2420,245.51,East
442,02-12-2024,C369,467,2,358,98.2,East
443,19-11-2024,C231,368,4,1464,415.88,East
444,04-12-2024,C252,767,1,364,50.67,South
445,23-04-2024,C337,494,8,736,61.19,North
446,01-12-2024,C483,415,6,2190,283.98,East
447,06-04-2024,C032,589,9,4086,1097.82,North
448,16-05-2024,C078,245,8,640,109.76,North
449,11-02-2024,C305,930,6,2892,864.52,North
450,15-01-2024,C200,190,2,504,150.99,South
451,25-02-2024,C486,960,7,406,105.92,West
452,04-02-2024,C065,78,2,518,33.21,North
453,08-02-2024,C171,949,7,539,81.59,North
454,11-09-2024,C473,855,6,1158,158.73,South
455,12-10-2024,C375,11,6,2568,727.61,West
456,19-09-2024,C032,739,3,648,100.01,East
457,14-03-2024,C304,652,5,2030,178.62,North
458,06-08-2024,C061,169,7,2443,482.44,North
459,01-07-2024,C091,814,2,702,69.09,South
460,07-04-2024,C435,498,1,487,79.17,North
461,10-02-2024,C289,700,1,297,88.83,East
462,16-11-2024,C410,477,1,68,14.8,North
463,14-03-2024,C001,968,9,4194,731.37,South
464,29-05-2024,C266,260,3,1296,134.51,West
465,24-11-2024,C335,624,10,2230,578.01,East
466,07-05-2024,C497,612,3,318,44.69,West
467,31-12-2024,C356,274,2,164,34.84,South
468,04-03-2024,C398,703,8,1120,109.73,East
469,21-12-2024,C245,434,9,4338,867.26,North
470,29-10-2024,C486,564,4,1996,358.21,North
471,07-03-2024,C454,503,8,3496,1013,West
472,11-05-2024,C088,99,4,976,290.18,West
473,05-11-2024,C178,768,1,383,85.93,East
474,15-08-2024,C276,812,5,1040,289.24,North
475,09-06-2024,C120,771,1,308,63.63,West
476,13-02-2024,C423,236,8,728,197.46,West
477,01-08-2024,C124,173,7,2562,302.22,East
478,11-06-2024,C154,267,1,83,22.79,North
479,11-04-2024,C327,33,7,1617,103.54,South
480,02-10-2024,C408,791,7,1519,268.75,West
481,05-10-2024,C206,435,3,216,49.04,West
482,21-07-2024,C441,780,6,1290,352.68,North
483,09-02-2024,C128,483,6,2130,314.62,South
484,18-05-2024,C390,191,1,235,64.41,South
485,17-05-2024,C246,155,4,560,73.51,South
486,09-02-2024,C046,158,10,600,62.92,West
487,04-12-2024,C146,806,6,546,64.64,West
488,15-04-2024,C020,906,6,1176,148.67,North
489,20-04-2024,C354,228,7,2814,278.4,West
490,23-05-2024,C045,532,6,2484,642.86,North
491,27-07-2024,C449,891,8,3360,403.85,West
492,29-02-2024,C393,931,4,1660,246.05,North
493,12-05-2024,C231,400,7,1596,350.05,East
494,12-03-2024,C018,225,8,1464,205.61,South
495,08-10-2024,C033,680,2,144,28.5,South
496,09-10-2024,C343,52,1,331,26.88,North
497,18-12-2024,C401,174,2,518,113.95,East
498,10-12-2024,C241,18,4,444,33.08,West
499,21-01-2024,C343,43,9,4320,304.5,North
500,21-01-2024,C149,745,6,930,217.21,West
501,27-05-2024,C372,31,10,3010,210.33,East
502,15-11-2024,C457,572,10,4060,467.8,East
503,23-08-2024,C119,127,8,3064,357.59,South
504,12-06-2024,C201,32,2,508,63.44,North
505,26-08-2024,C348,494,1,481,106.58,North
506,19-06-2024,C309,161,4,1664,105.66,West
507,15-06-2024,C445,529,1,83,19.41,South
508,06-07-2024,C304,680,10,2440,301.23,South
509,04-08-2024,C087,176,9,3042,536.14,West
510,20-05-2024,C167,299,3,480,37.5,North
511,27-08-2024,C423,850,9,1629,149.23,West
512,12-08-2024,C194,512,8,2416,172.54,North
513,09-03-2024,C006,125,9,2592,720.4,East
514,06-02-2024,C094,477,1,77,5.12,East
515,20-11-2024,C452,988,2,654,74.44,East
516,07-09-2024,C464,807,3,345,102.4,South
517,22-01-2024,C127,381,7,1141,69.09,South
518,25-12-2024,C367,443,4,708,147.64,East
519,19-12-2024,C085,737,5,785,196.06,North
520,01-10-2024,C324,604,3,1158,262.1,South
521,01-10-2024,C314,83,3,255,20.62,North
522,24-05-2024,C290,10,7,1610,447.4,South
523,10-12-2024,C355,748,4,552,131.21,West
524,14-05-2024,C244,529,9,3708,1011.57,East
525,01-05-2024,C404,40,5,810,129.65,West
526,29-09-2024,C103,785,5,1205,254.54,South
527,28-01-2024,C123,757,6,1146,338.67,North
528,10-12-2024,C412,662,9,2214,567.65,West
529,27-08-2024,C057,359,10,3010,864.13,East
530,15-06-2024,C433,314,6,954,115.39,South
531,23-03-2024,C043,110,2,966,252.67,South
532,30-10-2024,C469,780,5,735,207.47,South
533,03-03-2024,C374,529,7,1463,403.55,North
534,05-02-2024,C085,237,9,1188,72.15,North
535,06-09-2024,C390,7,1,287,39.38,South
536,30-11-2024,C363,826,10,3560,268.32,North
537,22-03-2024,C449,990,2,388,34.78,North
538,04-05-2024,C132,321,9,3069,500.33,West
539,19-10-2024,C400,341,9,999,153.18,East
540,23-09-2024,C376,360,1,95,13.56,West
541,08-06-2024,C157,968,6,1524,332.44,North
542,23-12-2024,C010,792,1,446,26.63,North
543,06-05-2024,C106,141,4,520,31.87,South
544,28-06-2024,C152,509,10,840,214.41,North
545,20-07-2024,C488,706,9,4419,556.4,West
546,17-11-2024,C258,265,4,752,149.11,North
547,27-07-2024,C443,132,1,312,25.08,West
548,08-02-2024,C346,570,3,357,54.97,South
549,08-10-2024,C491,871,4,1604,469.35,East
550,19-06-2024,C314,117,2,894,234.57,North
551,12-07-2024,C440,875,2,790,138.23,East
552,08-08-2024,C393,818,5,1755,234.51,East
553,22-09-2024,C054,457,9,3789,1051.02,South
554,22-01-2024,C005,200,4,772,178.03,West
555,30-03-2024,C202,113,9,756,145.37,East
556,31-12-2024,C084,465,3,549,74.57,West
557,20-06-2024,C004,336,1,368,21.46,West
558,04-07-2024,C486,150,10,4410,525.34,North
559,28-11-2024,C132,385,5,315,92.11,South
560,14-07-2024,C090,566,1,134,23.81,East
561,07-01-2024,C387,280,3,1026,59.13,East
562,24-10-2024,C399,102,5,2495,288.25,East
563,04-07-2024,C109,337,6,2274,522.87,West
564,07-07-2024,C274,417,3,519,89.48,South
565,04-04-2024,C185,672,4,352,89.21,East
566,25-07-2024,C185,331,5,1580,275.48,North
567,02-07-2024,C274,592,6,1956,147.7,West
568,05-09-2024,C335,694,1,482,91.28,South
569,24-01-2024,C470,403,10,4870,1011.94,South
570,21-08-2024,C083,948,2,690,206.77,North
571,09-10-2024,C051,864,6,1842,377.58,West
572,12-06-2024,C433,597,8,2008,158.39,North
573,10-04-2024,C252,376,4,820,155.25,East
574,14-12-2024,C098,824,2,346,89.19,West
575,04-12-2024,C402,312,5,870,202.17,West
576,16-12-2024,C079,845,6,1806,277.23,South
577,07-11-2024,C498,198,3,1314,269.53,South
578,24-12-2024,C368,550,2,658,112.16,East
579,28-09-2024,C379,1,2,638,127.19,South
580,22-05-2024,C166,109,3,1158,59.95,East
581,19-10-2024,C232,360,2,236,54.78,East
582,16-11-2024,C421,294,7,3465,1008.63,North
583,25-10-2024,C023,913,3,1347,262.07,North
584,10-07-2024,C129,666,8,1920,302.33,East
585,01-01-2024,C401,35,9,2169,612.84,East
586,23-02-2024,C031,650,3,768,159.8,North
587,21-07-2024,C324,735,2,274,64.52,West
588,16-05-2024,C280,587,9,891,112.79,South
589,03-07-2024,C232,675,1,96,11.58,West
590,30-01-2024,C072,184,9,2043,590.6,East
591,04-07-2024,C288,12,9,3870,559.59,North
592,27-11-2024,C354,567,4,1800,97.12,South
593,21-06-2024,C048,63,9,1323,268.62,North
594,13-05-2024,C411,361,4,240,25.63,North
595,27-04-2024,C297,95,3,1056,211.86,East
596,11-09-2024,C304,310,1,492,104.61,North
597,24-12-2024,C480,570,1,88,10.48,East
598,29-07-2024,C320,798,10,4250,322.33,East
599,09-11-2024,C153,986,2,228,60.77,South
600,04-03-2024,C343,513,1,453,27.11,West
601,23-04-2024,C059,643,4,1432,385.17,West
602,20-02-2024,C408,362,6,2184,653.55,East
603,15-01-2024,C181,395,9,1728,176.79,East
604,16-11-2024,C072,991,8,1528,140.52,East
605,19-12-2024,C242,859,9,1305,305,North
606,13-12-2024,C491,731,7,2093,394.63,South
607,09-08-2024,C117,954,6,492,96.29,East
608,02-09-2024,C469,357,5,2170,474.08,East
609,23-09-2024,C464,114,9,1638,446.62,North
610,15-06-2024,C044,376,1,386,110.91,South
611,01-11-2024,C133,7,10,4000,369.88,East
612,21-06-2024,C492,913,5,1380,243.63,East
613,18-07-2024,C366,373,6,1158,309.05,West
614,17-07-2024,C245,48,2,632,132.99,South
615,24-11-2024,C136,281,3,1116,209.56,South
616,09-11-2024,C029,484,9,3123,910,North
617,09-01-2024,C454,162,2,494,117.67,West
618,22-09-2024,C006,902,2,586,35.35,North
619,08-01-2024,C012,206,8,3640,255.11,West
620,09-07-2024,C199,359,2,558,49.59,West
621,06-06-2024,C448,971,7,1995,453.39,South
622,24-02-2024,C383,650,4,572,139.64,West
623,18-06-2024,C135,720,1,429,94.55,North
624,15-07-2024,C254,504,2,670,101.53,East
625,19-09-2024,C488,416,2,822,92.79,North
626,23-04-2024,C141,209,3,657,193.06,East
627,01-07-2024,C165,722,5,335,67.48,West
628,24-11-2024,C084,937,8,3504,277.69,North
629,21-11-2024,C241,369,2,334,43.23,West
630,04-11-2024,C195,897,7,2191,347.2,North
631,22-09-2024,C054,784,5,440,101.48,East
632,12-09-2024,C265,125,3,363,40.65,South
633,20-10-2024,C479,737,5,2435,677.9,East
634,05-05-2024,C038,836,3,195,15.36,North
635,03-03-2024,C285,756,1,297,35.55,North
636,21-05-2024,C191,778,2,240,36.78,East
637,28-10-2024,C431,480,8,3016,429.32,South
638,20-02-2024,C039,200,4,1860,347.75,South
639,22-03-2024,C159,556,4,920,54.88,South
640,15-11-2024,C172,191,3,1197,228.7,North
641,04-05-2024,C476,100,6,3000,379.77,South
642,06-07-2024,C282,343,10,690,44.93,East
643,03-05-2024,C266,192,6,1812,206.23,South
644,05-06-2024,C040,298,10,3010,177.05,East
645,20-10-2024,C136,873,6,1752,280.4,West
646,08-07-2024,C490,340,3,1224,192.25,East
647,04-10-2024,C439,266,4,1928,185.85,West
648,28-06-2024,C493,925,5,1835,509,South
649,23-03-2024,C115,958,3,1149,209.53,West
650,10-04-2024,C497,6,3,603,60.84,South
651,18-10-2024,C235,583,10,3190,811.28,West
652,27-11-2024,C211,57,2,250,42.4,West
653,02-03-2024,C265,838,1,55,9.34,South
654,18-04-2024,C237,289,3,1335,341.16,South
655,22-01-2024,C191,719,3,1419,345.89,West
656,27-06-2024,C014,719,7,2968,743.12,West
657,16-04-2024,C138,834,8,1176,77.83,South
658,25-02-2024,C489,244,8,1136,204.41,South
659,04-09-2024,C490,933,7,1659,146.17,West
660,30-01-2024,C319,211,9,513,142.55,East
661,22-05-2024,C042,18,9,1188,151.81,South
662,22-08-2024,C228,729,8,3304,683.14,West
663,04-08-2024,C126,404,2,794,108.32,West
664,12-02-2024,C325,461,4,1416,285.68,West
665,23-10-2024,C037,991,6,1290,358.81,East
666,11-03-2024,C462,17,5,2435,437.91,West
667,10-08-2024,C471,362,10,2360,469.98,West
668,22-10-2024,C428,158,1,498,95.94,North
669,30-11-2024,C287,331,8,1376,251.03,North
670,14-02-2024,C238,615,4,1704,113.94,South
671,24-04-2024,C333,484,4,604,167.42,South
672,28-02-2024,C246,476,2,502,71.59,South
673,20-05-2024,C260,913,1,315,64.2,North
674,28-08-2024,C433,599,10,3600,232.66,South
675,03-03-2024,C067,574,6,2148,116.62,West
676,05-04-2024,C223,388,4,560,143.98,West
677,09-11-2024,C173,641,1,249,64.57,West
678,01-04-2024,C434,504,3,810,77.28,North
679,25-06-2024,C413,580,9,1062,126.85,West
680,26-10-2024,C426,741,8,3320,635.05,North
681,06-10-2024,C216,648,2,738,55.25,South
682,24-08-2024,C262,531,2,640,170.99,East
683,25-11-2024,C475,368,4,440,23.67,South
684,12-08-2024,C432,693,3,1287,148.44,North
685,10-04-2024,C159,917,9,3870,717.31,North
686,14-07-2024,C389,322,1,161,33.77,West
687,31-03-2024,C500,649,2,854,151.17,South
688,10-12-2024,C112,580,2,584,157.61,West
689,13-08-2024,C304,616,10,2430,722.42,South
690,06-05-2024,C278,554,1,105,20.71,North
691,24-07-2024,C126,418,4,720,84.45,South
692,26-03-2024,C461,581,10,2050,409.82,East
693,14-09-2024,C377,608,3,261,68.47,North
694,11-09-2024,C161,116,6,2190,137.55,South
695,03-04-2024,C206,976,2,690,170.5,North
696,13-06-2024,C158,60,7,2947,491.18,East
697,01-03-2024,C314,509,3,993,174.84,South
698,05-01-2024,C405,638,5,575,74.71,North
699,29-05-2024,C261,119,8,3864,766.94,West
700,28-07-2024,C075,336,5,2380,354.31,East
701,17-12-2024,C229,619,6,1740,425.51,South
702,27-04-2024,C279,110,6,1908,157.18,West
703,29-08-2024,C260,636,3,327,84.92,South
704,30-05-2024,C375,545,2,378,68.34,West
705,01-03-2024,C429,373,8,3112,437.42,North
706,14-05-2024,C110,924,8,1936,371.1,South
707,09-02-2024,C081,555,2,272,31.04,West
708,23-06-2024,C174,937,7,2849,165.68,South
709,25-09-2024,C279,832,10,2940,248.11,West
710,01-06-2024,C128,670,2,172,35.13,North
711,20-10-2024,C322,557,5,2095,372.3,North
712,07-10-2024,C243,166,4,740,171.56,East
713,02-07-2024,C338,166,10,4740,1100.42,South
714,28-02-2024,C035,341,3,1323,181.92,North
715,20-11-2024,C236,830,9,468,42.94,West
716,10-07-2024,C486,659,9,1710,267.82,North
717,21-10-2024,C150,312,3,1422,202.89,West
718,13-03-2024,C204,333,6,2922,370.62,East
719,20-12-2024,C141,526,10,2660,698.68,North
720,06-02-2024,C035,755,10,2300,507.34,West
721,31-03-2024,C325,792,8,1704,487.54,South
722,28-01-2024,C235,878,4,1416,97.32,South
723,07-04-2024,C006,925,5,2390,480.51,West
724,25-04-2024,C242,518,10,4660,1237.45,North
725,05-05-2024,C134,306,2,672,70.09,East
726,20-04-2024,C020,888,7,1680,200.85,South
727,05-08-2024,C120,577,8,3304,291.78,East
728,19-08-2024,C001,865,6,372,47.28,North
729,18-11-2024,C401,746,3,1458,120.4,West
730,22-11-2024,C065,11,10,3060,401.95,West
731,26-04-2024,C281,80,10,3280,950.26,South
732,04-07-2024,C200,64,4,696,94.3,West
733,15-10-2024,C424,893,4,640,35.66,North
734,26-02-2024,C265,308,6,822,207.32,North
735,29-05-2024,C272,925,7,3255,290.83,East
736,09-02-2024,C158,986,5,690,133.12,East
737,08-10-2024,C005,767,3,432,95.04,East
738,07-03-2024,C500,62,9,3456,673.18,South
739,07-09-2024,C357,216,1,132,38.21,North
740,27-12-2024,C404,66,9,864,177.7,North
741,11-02-2024,C161,980,10,3630,204.94,South
742,26-06-2024,C180,403,7,3059,592.48,West
743,12-07-2024,C130,899,3,1104,138.46,West
744,13-05-2024,C232,650,4,260,49.81,East
745,28-11-2024,C222,355,5,1505,232.72,North
746,13-08-2024,C062,418,2,118,9.75,South
747,25-06-2024,C139,749,8,1072,279.2,South
748,23-04-2024,C426,514,10,2880,234.21,South
749,01-02-2024,C314,795,3,288,43.69,North
750,10-11-2024,C124,414,10,3380,357.9,East
751,24-08-2024,C321,826,6,2760,687.82,North
752,31-12-2024,C498,921,7,3136,677.65,West
753,27-02-2024,C346,990,9,2286,520.74,South
754,04-02-2024,C140,29,10,3080,685.79,South
755,29-12-2024,C320,450,3,684,69.96,North
756,17-12-2024,C004,620,8,1808,112.91,South
757,02-02-2024,C175,515,2,992,135.43,North
758,10-05-2024,C443,769,10,4480,1234.85,East
759,05-06-2024,C218,697,3,369,92.9,West
760,23-09-2024,C065,961,7,1106,291.46,West
761,16-07-2024,C249,6,6,2052,394.26,West
762,14-10-2024,C375,47,5,740,204.38,West
763,28-04-2024,C095,618,1,211,44.99,West
764,14-11-2024,C312,595,2,642,43.05,North
765,21-11-2024,C334,943,1,196,34.99,South
766,01-10-2024,C235,235,3,1365,229.61,East
767,17-04-2024,C259,257,4,1764,474.64,West
768,15-08-2024,C344,577,8,2440,255.33,West
769,05-02-2024,C122,380,1,78,12.3,East
770,02-04-2024,C081,132,7,903,233.49,East
771,22-05-2024,C500,835,9,3465,928.37,North
772,08-12-2024,C066,925,10,3460,701.41,West
773,06-07-2024,C317,96,1,184,53.33,West
774,24-09-2024,C070,629,8,3104,741.3,East
775,25-09-2024,C468,14,9,990,107.7,West
776,01-10-2024,C118,271,7,3255,607.38,West
777,30-07-2024,C111,882,4,1496,388.6,North
778,16-05-2024,C034,372,3,330,97.45,East
779,01-05-2024,C056,566,3,753,70.88,South
780,17-05-2024,C305,521,9,1332,339.14,North
781,19-12-2024,C381,419,10,1290,260.54,West
782,12-11-2024,C028,890,4,1980,414.66,North
783,10-09-2024,C453,173,2,972,212.09,West
784,10-02-2024,C098,385,8,1032,112.33,South
785,23-11-2024,C249,588,1,365,67.78,East
786,24-08-2024,C116,317,7,1358,81.46,West
787,30-12-2024,C495,554,2,998,73.24,West
788,10-02-2024,C388,124,5,1450,285.46,North
789,27-09-2024,C358,809,9,1395,225.74,North
790,11-12-2024,C350,75,3,1071,182.49,North
791,15-06-2024,C159,714,10,4180,592.59,West
792,07-02-2024,C160,764,8,1000,91.1,West
793,02-05-2024,C082,695,7,3178,953.36,South
794,17-04-2024,C035,854,2,962,49.51,South
795,26-03-2024,C196,300,7,1680,451.3,South
796,24-03-2024,C494,816,9,3051,431.33,East
797,08-04-2024,C209,927,8,1336,280.6,North
798,17-12-2024,C348,37,10,3680,434.91,South
799,18-12-2024,C228,397,5,1250,113.12,East
800,22-02-2024,C386,600,3,441,65.23,North
801,03-10-2024,C119,178,1,434,102.86,South
802,07-08-2024,C195,117,3,1218,305.32,West
803,23-06-2024,C421,92,4,528,67.21,West
804,05-03-2024,C384,514,5,325,92.2,West
805,14-12-2024,C203,493,8,3440,402.5,South
806,09-12-2024,C232,443,7,1680,233.4,South
807,04-11-2024,C214,831,8,1456,430.3,North
808,15-03-2024,C454,65,3,1200,68.79,West
809,19-01-2024,C162,881,8,1320,121.78,East
810,16-02-2024,C139,901,8,1728,161.83,West
811,30-05-2024,C486,387,7,812,208.84,West
812,22-10-2024,C058,600,8,544,139.21,East
813,29-08-2024,C201,348,6,2406,369.55,North
814,25-01-2024,C102,459,6,582,148.47,South
815,12-11-2024,C139,783,4,1260,269.38,North
816,27-01-2024,C291,441,8,1688,457.35,North
817,07-04-2024,C059,412,3,1164,183.13,West
818,23-02-2024,C167,624,6,1980,149.89,South
819,12-08-2024,C240,729,4,1344,334.58,East
820,06-07-2024,C494,690,9,2241,554.77,South
821,03-01-2024,C386,763,7,2513,621.25,South
822,23-12-2024,C486,985,6,990,193.13,West
823,18-08-2024,C395,224,8,1104,127.19,West
824,15-10-2024,C003,923,4,468,28.25,North
825,28-06-2024,C021,857,4,448,58.2,South
826,03-12-2024,C061,718,8,2208,250.46,North
827,20-11-2024,C034,972,6,1680,367.67,North
828,16-11-2024,C369,12,4,768,142.47,West
829,01-04-2024,C495,812,8,3280,695.19,North
830,22-10-2024,C074,659,1,252,42.18,East
831,19-06-2024,C369,445,6,1152,302.24,East
832,18-04-2024,C256,44,8,2944,869.18,West
833,08-03-2024,C135,223,3,1191,166.09,West
834,18-12-2024,C036,706,1,248,64.81,South
835,16-03-2024,C349,942,4,944,63.3,North
836,31-03-2024,C076,46,2,564,43.28,West
837,21-10-2024,C359,14,5,1080,253.55,South
838,01-07-2024,C213,829,8,3832,491.81,South
839,05-07-2024,C295,727,3,1125,215.48,North
840,24-04-2024,C333,978,8,3968,673.34,West
841,16-04-2024,C126,810,6,1992,223.43,East
842,03-09-2024,C403,293,3,540,158.22,North
843,25-07-2024,C334,949,5,1560,422.87,West
844,05-01-2024,C181,958,3,1047,67.56,West
845,29-03-2024,C454,190,3,579,84.17,North
846,22-02-2024,C273,670,2,488,110.23,South
847,18-10-2024,C479,765,5,1445,389.19,South
848,22-02-2024,C306,705,3,1287,144.85,North
849,14-06-2024,C310,712,1,203,27.57,South
850,14-07-2024,C181,487,9,2052,610.02,East
851,12-07-2024,C029,37,5,2120,275.13,North
852,17-03-2024,C445,988,5,1090,319.52,East
853,27-10-2024,C434,948,4,1584,439.47,East
854,31-05-2024,C207,383,8,856,159.06,East
855,27-04-2024,C420,685,1,313,84.56,West
856,27-11-2024,C263,705,8,888,54.63,East
857,14-05-2024,C470,558,9,3330,323.73,West
858,30-09-2024,C206,18,10,2930,153.59,North
859,25-03-2024,C015,629,8,3528,572.65,South
860,04-11-2024,C437,989,6,2784,620.46,North
861,08-01-2024,C049,394,6,2238,134.33,North
862,31-07-2024,C371,598,6,1470,108.99,South
863,16-09-2024,C098,361,2,120,13.94,South
864,20-01-2024,C215,769,7,2373,635.5,East
865,04-02-2024,C101,759,1,468,46.23,North
866,18-06-2024,C444,296,6,2646,689.12,East
867,21-12-2024,C453,931,2,848,118,North
868,27-05-2024,C486,514,5,1675,378.92,South
869,21-03-2024,C086,854,3,990,206.63,East
870,20-05-2024,C241,949,2,196,26.96,East
871,18-11-2024,C257,894,2,948,141.7,North
872,07-10-2024,C476,235,4,1456,178.56,East
873,25-06-2024,C246,590,7,812,82.78,East
874,20-11-2024,C188,785,10,3300,682.09,East
875,05-02-2024,C161,641,6,2640,485.34,North
876,10-05-2024,C367,253,2,370,34.93,North
877,24-01-2024,C024,439,2,196,22.22,South
878,26-03-2024,C246,43,7,2058,608.89,South
879,05-07-2024,C482,156,4,528,94.86,West
880,15-05-2024,C278,240,4,812,79.56,West
881,13-11-2024,C489,780,4,1432,309.92,East
882,14-08-2024,C035,738,1,431,24.85,West
883,08-07-2024,C249,500,6,2082,345.86,North
884,10-07-2024,C184,825,7,1624,281.88,North
885,10-01-2024,C130,507,10,1530,341.85,West
886,28-08-2024,C201,951,3,159,32.87,North
887,26-07-2024,C332,900,2,954,142.01,West
888,11-06-2024,C006,585,6,2940,678.27,West
889,29-02-2024,C215,477,10,4050,1151.45,North
890,27-10-2024,C327,65,2,778,217.47,North
891,12-10-2024,C127,721,8,1888,163.02,South
892,04-08-2024,C301,851,9,1251,216.97,South
893,20-02-2024,C142,70,10,3580,1060.62,North
894,26-09-2024,C247,931,3,390,93.24,South
895,17-10-2024,C350,261,2,578,66.03,South
896,08-01-2024,C414,660,7,539,79.78,South
897,30-10-2024,C476,672,9,4077,907.69,South
898,22-03-2024,C134,746,3,240,13.12,East
899,19-02-2024,C287,547,5,2130,586.84,North
900,23-08-2024,C378,570,7,1561,357.89,North
901,12-10-2024,C430,525,9,2268,464.25,West
902,21-06-2024,C174,581,10,3480,723.38,North
903,27-12-2024,C139,623,10,4780,594.27,West
904,31-12-2024,C120,925,5,2150,150.83,South
905,13-10-2024,C344,224,8,2472,474.06,South
906,10-02-2024,C097,90,8,2240,151.92,West
907,28-06-2024,C455,944,8,2960,345.28,West
908,31-07-2024,C456,944,9,3042,259.41,West
909,24-03-2024,C423,947,10,4260,1059.7,North
910,26-11-2024,C157,330,10,4910,308.5,South
911,20-05-2024,C312,571,1,165,26.24,East
912,14-04-2024,C056,38,8,2496,345.17,South
913,28-07-2024,C348,15,7,721,200.3,South
914,16-03-2024,C342,514,7,3269,370.18,North
915,12-07-2024,C153,446,4,624,71.58,South
916,19-02-2024,C161,425,7,3150,318.18,South
917,25-08-2024,C068,756,7,1988,456.02,South
918,14-07-2024,C323,958,6,1284,377.39,West
919,07-10-2024,C314,189,8,1432,153,North
920,19-11-2024,C336,452,3,948,242.33,South
921,17-04-2024,C378,137,7,1785,121.48,North
922,29-03-2024,C244,282,1,86,15.3,South
923,04-05-2024,C178,368,2,424,100.19,East
924,17-09-2024,C319,225,4,1288,88.84,West
925,01-07-2024,C321,612,10,4230,700.36,North
926,03-12-2024,C354,870,1,339,48.03,East
927,25-06-2024,C121,943,4,1324,359.35,East
928,21-10-2024,C186,70,8,2432,351.58,South
929,16-10-2024,C034,256,4,1748,440.06,East
930,27-11-2024,C434,876,1,177,28.65,North
931,14-06-2024,C335,197,6,1464,215.97,West
932,23-10-2024,C217,515,9,1791,284.78,West
933,01-05-2024,C189,434,7,1687,94.94,East
934,20-08-2024,C473,464,10,2810,387.66,West
935,27-10-2024,C195,430,2,550,107.41,East
936,03-01-2024,C087,859,8,2856,582.79,North
937,16-05-2024,C118,359,9,1827,400.15,South
938,24-07-2024,C149,368,3,1332,87.59,West
939,26-01-2024,C234,219,4,1848,489.67,East
940,30-01-2024,C010,425,10,1990,582.56,East
941,01-06-2024,C374,720,9,4311,854.35,West
942,16-11-2024,C363,420,3,771,117.51,North
943,22-10-2024,C462,290,1,151,24.74,South
944,04-10-2024,C402,784,5,1275,266.02,West
945,17-05-2024,C134,77,3,1146,233.68,South
946,04-05-2024,C013,661,7,3339,944.9,North
947,10-10-2024,C079,190,5,1925,457.83,East
948,05-06-2024,C382,246,4,776,86.62,West
949,30-05-2024,C089,703,3,225,32.92,West
950,03-06-2024,C176,792,4,684,187.37,East
951,16-10-2024,C007,355,7,3500,318.15,East
952,20-07-2024,C480,32,3,1479,402.14,North
953,01-04-2024,C393,155,10,1010,200.81,South
954,08-04-2024,C336,630,9,3546,630.28,South
955,26-04-2024,C297,235,4,1012,63.13,East
956,08-05-2024,C477,7,2,954,85.94,South
957,14-04-2024,C491,583,1,315,24.13,North
958,20-12-2024,C177,621,9,468,34.6,East
959,12-12-2024,C345,752,3,510,145.3,West
960,24-07-2024,C281,479,1,298,66.63,East
961,10-08-2024,C318,476,7,574,151.04,East
962,13-11-2024,C094,197,10,4700,1380.14,East
963,29-09-2024,C437,328,8,2904,387.18,West
964,10-06-2024,C397,17,2,964,138.67,South
965,18-11-2024,C211,472,3,699,166.71,South
966,26-08-2024,C446,698,8,2808,435.06,East
967,13-09-2024,C242,540,10,4630,1258.69,North
968,22-03-2024,C408,511,6,1512,301.37,East
969,28-07-2024,C125,469,4,1208,106.98,South
970,04-03-2024,C277,310,5,1095,210.52,South
971,18-09-2024,C235,929,6,1470,222.91,North
972,02-08-2024,C057,860,3,837,183.09,North
973,09-04-2024,C269,179,2,432,60.44,East
974,27-04-2024,C193,895,6,2406,634.26,East
975,01-01-2024,C244,799,6,1152,203.57,North
976,07-08-2024,C203,969,10,2030,193.9,East
977,04-12-2024,C276,671,6,2430,525.16,East
978,14-09-2024,C245,796,3,1014,88.04,North
979,11-06-2024,C400,680,2,658,113.2,South
980,17-06-2024,C208,617,1,473,37,West
981,27-10-2024,C398,250,2,442,99.63,West
982,19-12-2024,C492,223,5,865,49.23,North
983,05-02-2024,C459,156,10,4160,1014.53,North
984,19-12-2024,C011,890,5,975,94.94,North
985,11-06-2024,C489,973,9,2223,256.79,South
986,30-01-2024,C126,994,3,456,71.64,North
987,15-01-2024,C265,442,7,938,97.08,South
988,24-10-2024,C402,566,10,1140,291.6,North
989,25-11-2024,C360,102,1,468,30.34,East
990,25-06-2024,C012,464,6,1680,128.96,West
991,15-03-2024,C491,102,9,1503,364.58,East
992,11-11-2024,C246,492,1,445,109.64,South
993,11-09-2024,C179,897,10,4870,343.31,North
994,02-05-2024,C201,614,4,520,145.87,West
995,13-05-2024,C360,901,8,864,214.17,East
996,18-08-2024,C456,329,1,344,60.55,North
997,08-01-2024,C068,641,10,4420,1060.76,West
998,26-11-2024,C224,98,4,1192,321.37,West
999,11-10-2024,C259,391,10,4820,477.38,North
1000,09-12-2024,C239,896,4,616,73.33,South
1001,14-06-2024,C143,206,10,4070,330.56,East
1002,01-08-2024,C409,868,8,2312,143.61,South
1003,15-07-2024,C143,724,10,2090,560.8,South
1004,25-07-2024,C276,787,9,2898,623.65,North
1005,13-03-2024,C195,893,4,924,171.68,North
1006,30-07-2024,C487,630,3,1467,246.69,North
1007,28-11-2024,C341,15,8,3264,475.5,East
1008,06-11-2024,C337,560,6,2490,227.03,West
1009,24-11-2024,C346,965,10,4700,726.97,East
1010,02-01-2024,C005,65,9,4455,529.96,East
1011,21-02-2024,C432,796,5,895,236.31,North
1012,06-06-2024,C421,462,3,657,109.39,North
1013,16-10-2024,C306,434,1,395,26.3,North
1014,27-06-2024,C090,667,10,4510,1203.81,North
1015,01-10-2024,C476,990,9,4311,271.82,East
1016,04-08-2024,C199,656,6,948,224.85,West
1017,26-01-2024,C104,952,7,3199,901.63,North
1018,16-09-2024,C092,32,7,3500,847.69,South
1019,05-06-2024,C287,692,5,2130,200.38,West
1020,07-01-2024,C415,821,10,2480,364.33,East
1021,02-12-2024,C454,105,5,2100,601.92,West
1022,09-03-2024,C172,12,2,924,244.81,East
1023,07-07-2024,C006,54,10,590,176.44,West
1024,19-11-2024,C115,999,2,140,30.22,North
1025,13-06-2024,C495,842,8,1064,137.37,South
1026,08-08-2024,C151,930,8,3240,329.2,North
1027,28-06-2024,C235,857,9,3474,285.99,North
1028,29-08-2024,C265,299,5,785,148.43,South
1029,02-01-2024,C147,545,7,917,113.77,South
1030,02-01-2024,C370,906,5,1125,285.82,North
1031,13-09-2024,C487,934,9,1188,83.71,West
1032,02-11-2024,C197,71,7,2506,620.92,South
1033,08-04-2024,C121,507,7,350,55.83,East
1034,08-12-2024,C194,697,9,1926,312.21,West
1035,15-02-2024,C243,554,7,1519,145.73,East
1036,02-04-2024,C141,805,8,1584,129.63,South
1037,25-10-2024,C028,200,3,669,161.16,South
1038,03-12-2024,C421,789,3,627,112.09,East
1039,27-02-2024,C417,162,1,377,90.5,West
1040,28-01-2024,C420,315,4,1932,128.33,North
1041,20-04-2024,C014,603,5,1565,259.83,West
1042,21-10-2024,C044,918,8,3712,403.68,North
1043,24-12-2024,C478,403,4,360,75.13,East
1044,20-08-2024,C218,618,7,994,59.17,North
1045,22-07-2024,C414,117,4,788,77.71,North
1046,22-04-2024,C198,770,2,902,124.65,East
1047,14-09-2024,C404,355,1,268,22.47,North
1048,28-06-2024,C082,929,10,3680,281.54,South
1049,04-12-2024,C163,58,4,1152,229.35,South
1050,25-09-2024,C369,689,9,2835,733.2,North
1051,02-08-2024,C334,317,10,3030,597.22,North
1052,23-10-2024,C122,705,3,372,32.11,South
1053,24-11-2024,C042,882,8,1264,296.59,North
1054,04-03-2024,C177,217,9,882,167.73,East
1055,20-09-2024,C238,201,2,388,115.92,North
1056,29-04-2024,C367,748,1,395,65.26,West
1057,28-06-2024,C078,357,6,2826,670.07,West
1058,26-04-2024,C411,707,7,2464,391.98,East
1059,01-12-2024,C299,922,6,1548,399.75,North
1060,08-05-2024,C418,518,7,868,66.36,North
1061,06-03-2024,C043,878,4,524,132.27,East
1062,12-10-2024,C449,721,1,434,125.73,South
1063,27-01-2024,C352,199,3,516,58.94,East
1064,21-06-2024,C226,418,10,2270,624.04,West
1065,19-04-2024,C291,809,8,696,115.63,South
1066,16-11-2024,C302,127,1,69,14.16,South
1067,30-01-2024,C046,765,8,2176,443.91,South
1068,22-11-2024,C397,215,5,2025,116.68,East
1069,09-03-2024,C300,734,3,447,67.71,South
1070,23-11-2024,C009,413,10,4410,1286.68,North
1071,10-04-2024,C367,423,6,1932,226.36,West
1072,24-01-2024,C273,57,5,1990,281.54,North
1073,18-12-2024,C330,60,7,2072,159.2,East
1074,07-01-2024,C272,375,7,3199,431.52,East
1075,11-01-2024,C230,250,2,722,168.81,South
1076,01-05-2024,C430,633,7,1596,332.32,West
1077,01-11-2024,C101,828,7,2345,474.45,West
1078,17-11-2024,C417,924,6,678,188.33,West
1079,05-11-2024,C153,623,2,1000,286.69,East
1080,22-09-2024,C270,593,9,3897,629.18,South
1081,14-11-2024,C455,381,2,838,176.09,South
1082,14-04-2024,C031,531,3,606,150.53,North
1083,22-10-2024,C080,197,2,410,75.57,South
1084,21-02-2024,C416,723,4,1488,337.57,West
1085,10-06-2024,C458,315,9,4068,725.77,East
1086,19-04-2024,C305,76,4,748,221.33,South
1087,21-03-2024,C328,689,10,2680,220.39,West
1088,10-04-2024,C345,883,3,366,74.27,East
1089,25-05-2024,C159,349,1,371,47.01,West
1090,14-12-2024,C497,282,4,968,127.61,North
1091,13-12-2024,C362,480,9,1773,255.44,East
1092,15-09-2024,C042,738,5,2305,455.57,South
1093,12-07-2024,C001,500,9,2295,364.12,South
1094,09-08-2024,C306,848,6,2268,479.77,North
1095,15-01-2024,C103,108,6,2826,329.56,East
1096,11-12-2024,C367,989,3,1404,213.88,North
1097,05-12-2024,C279,296,7,3003,756.91,East
1098,07-09-2024,C192,328,6,2328,123.27,West
1099,18-04-2024,C087,456,8,2848,465.11,South
1100,23-06-2024,C153,769,1,230,46.86,North
1101,17-12-2024,C060,835,9,2736,757.47,South
1102,19-04-2024,C272,142,5,1970,246,West
1103,24-06-2024,C026,31,2,350,71.65,East
1104,29-11-2024,C263,743,10,4700,236.29,South
1105,31-08-2024,C342,101,4,1476,376.69,West
1106,22-11-2024,C247,23,1,184,45.3,West
1107,24-04-2024,C192,160,7,1953,129.97,South
1108,03-10-2024,C236,316,6,1848,355.01,East
1109,21-05-2024,C193,536,2,664,107.43,South
1110,12-05-2024,C170,811,9,1269,65.49,West
1111,24-09-2024,C338,311,3,903,66.02,West
1112,30-10-2024,C094,617,1,63,8.76,West
1113,12-07-2024,C155,294,2,896,231.61,North
1114,17-02-2024,C282,583,6,312,76.28,West
1115,19-07-2024,C291,860,1,344,89.82,West
1116,03-12-2024,C318,772,7,3066,303.5,South
1117,05-12-2024,C414,166,3,579,76.37,North
1118,08-04-2024,C352,138,9,2817,538.69,East
1119,04-02-2024,C022,595,9,4005,565.59,West
1120,13-09-2024,C054,93,8,2640,531.99,West
1121,26-09-2024,C386,912,10,4760,928.08,West
1122,17-06-2024,C360,213,1,474,41.34,South
1123,06-10-2024,C075,475,5,2000,385.75,East
1124,24-04-2024,C290,385,6,414,88.34,East
1125,14-04-2024,C091,892,5,1690,103.28,West
1126,11-05-2024,C078,350,6,1872,202.32,West
1127,07-01-2024,C335,295,8,824,96.19,West
1128,18-06-2024,C336,160,3,1347,325.83,South
1129,20-09-2024,C046,435,10,4330,1129,South
1130,12-04-2024,C296,95,2,900,110.25,North
1131,26-07-2024,C159,347,4,1124,267.18,North
1132,28-12-2024,C182,553,10,3500,299.61,South
1133,01-03-2024,C158,712,9,1998,309.77,South
1134,12-07-2024,C089,984,9,1953,263,West
1135,28-01-2024,C127,812,7,1708,185.43,North
1136,29-01-2024,C065,37,10,2190,531.61,South
1137,29-12-2024,C310,395,4,1688,219.72,South
1138,26-10-2024,C030,982,1,174,44.31,East
1139,29-04-2024,C061,383,5,1335,231.94,South
1140,23-11-2024,C250,776,6,552,74.96,East
1141,09-09-2024,C484,738,2,786,57.17,South
1142,26-11-2024,C032,334,9,2907,182.76,South
1143,08-06-2024,C234,933,9,4023,974.99,West
1144,27-11-2024,C246,513,10,3920,342.5,East
1145,08-05-2024,C203,172,2,412,86.55,East
1146,06-04-2024,C101,470,8,1712,168.82,East
1147,17-04-2024,C279,540,2,762,67.23,East
1148,07-05-2024,C082,896,2,936,98.85,South
1149,21-07-2024,C157,687,1,281,68.01,North
1150,11-05-2024,C111,266,8,2120,357.06,North
1151,23-01-2024,C453,152,1,426,93.84,South
1152,24-01-2024,C262,71,6,564,84.9,West
1153,10-10-2024,C158,777,5,295,50.06,South
1154,24-04-2024,C225,425,7,1253,262.23,East
1155,28-05-2024,C464,545,4,1108,261.62,North
1156,31-12-2024,C250,952,2,798,148.48,East
1157,02-05-2024,C258,405,1,456,34.71,North
1158,22-09-2024,C036,519,2,878,45.72,South
1159,27-06-2024,C429,802,1,182,47.27,West
1160,06-09-2024,C002,638,5,1975,475.47,South
1161,01-11-2024,C495,993,5,1975,257.17,East
1162,03-12-2024,C499,337,5,1275,335.33,East
1163,21-08-2024,C133,605,5,560,55.12,West
1164,22-04-2024,C038,993,7,1120,222.27,South
1165,06-02-2024,C203,20,10,4680,477.8,West
1166,24-06-2024,C230,449,3,1293,216.69,North
1167,27-11-2024,C387,763,8,2792,521.43,North
1168,03-01-2024,C389,425,5,1590,385.55,South
1169,27-01-2024,C270,494,8,2056,185.63,West
1170,09-08-2024,C342,648,4,908,61.99,North
1171,30-05-2024,C196,312,4,960,264.55,South
1172,13-07-2024,C360,509,4,1868,407.73,East
1173,14-10-2024,C135,973,6,480,43.37,East
1174,17-06-2024,C175,594,10,4280,411.06,North
1175,03-10-2024,C193,453,6,2016,125.32,East
1176,07-10-2024,C068,646,10,4130,823.47,North
1177,03-05-2024,C404,916,3,1236,128.47,East
1178,18-03-2024,C041,157,6,2532,746.47,North
1179,29-09-2024,C260,878,1,261,20.91,North
1180,07-09-2024,C400,292,3,279,66.67,South
1181,04-06-2024,C146,871,2,588,49.09,West
1182,31-08-2024,C137,677,4,1440,213.3,North
1183,18-11-2024,C040,501,10,2430,453.89,South
1184,28-09-2024,C271,882,6,1632,235.52,West
1185,19-12-2024,C457,265,3,633,34.46,North
1186,05-07-2024,C353,336,6,1728,408.73,West
1187,19-02-2024,C011,322,6,1992,484.92,North
1188,24-12-2024,C077,255,1,398,114.17,South
1189,08-01-2024,C279,924,3,1140,65.59,South
1190,21-07-2024,C050,370,2,118,11.88,West
1191,22-01-2024,C389,202,7,1729,117.92,West
1192,27-07-2024,C351,146,4,1560,151.21,South
1193,09-04-2024,C131,471,3,561,92.68,North
1194,19-06-2024,C323,675,6,1104,148,North
1195,05-01-2024,C177,964,7,2961,476.19,West
1196,24-02-2024,C418,498,8,3920,385.34,East
1197,24-06-2024,C371,814,4,1808,203.21,West
1198,22-11-2024,C449,294,7,490,59.75,South
1199,04-12-2024,C351,26,2,950,138.61,West
1200,05-04-2024,C500,931,3,207,18.7,North
1201,06-04-2024,C292,810,4,716,207.86,West
1202,19-08-2024,C037,215,4,1620,315.27,West
1203,17-05-2024,C221,964,4,1892,438.04,North
1204,26-09-2024,C487,110,6,1236,98.94,South
1205,24-11-2024,C358,191,9,3276,865.41,South
1206,04-05-2024,C452,920,1,487,38.94,West
1207,21-10-2024,C253,169,9,1017,234.92,West
1208,14-07-2024,C343,88,7,2233,638.74,West
1209,24-10-2024,C473,735,8,2192,589.83,South
1210,12-03-2024,C159,165,6,1716,471.14,South
1211,25-06-2024,C444,93,10,3230,399.84,South
1212,15-10-2024,C162,62,7,665,138.63,North
1213,30-10-2024,C467,457,3,891,124.71,North
1214,03-12-2024,C271,858,5,885,119.3,West
1215,17-06-2024,C186,919,6,1086,77.93,East
1216,19-07-2024,C432,988,2,910,82.91,South
1217,05-01-2024,C326,840,9,2412,169.64,East
1218,04-05-2024,C136,942,7,2114,155.6,West
1219,17-01-2024,C288,752,6,3000,499.03,East
1220,19-12-2024,C219,73,8,1080,116.24,West
1221,20-07-2024,C231,222,9,1476,177.09,East
1222,26-05-2024,C206,465,8,2856,263.07,North
1223,26-04-2024,C234,84,3,1389,72.77,South
1224,06-12-2024,C328,110,6,1524,206.87,South
1225,22-06-2024,C072,770,2,452,98.67,North
1226,06-10-2024,C465,609,8,3960,709.15,East
1227,01-08-2024,C215,276,7,2667,327.88,South
1228,18-05-2024,C119,92,8,2096,298.71,East
1229,16-11-2024,C044,527,8,904,112.43,South
1230,06-03-2024,C001,653,1,249,32.58,East
1231,23-04-2024,C401,360,5,630,42.25,South
1232,19-11-2024,C287,426,1,195,47.99,North
1233,02-12-2024,C126,838,4,524,47.41,South
1234,24-08-2024,C028,576,6,972,71.9,South
1235,02-07-2024,C468,302,1,120,18.27,East
1236,15-02-2024,C012,130,2,148,11.91,West
1237,20-04-2024,C437,359,4,1384,231,East
1238,19-05-2024,C047,906,5,1820,478.32,West
1239,09-01-2024,C143,674,2,652,139.68,East
1240,16-01-2024,C134,671,6,2736,599.54,East
1241,18-02-2024,C087,937,7,2373,432.8,North
1242,05-02-2024,C170,108,9,1917,162.22,South
1243,06-09-2024,C055,573,3,1167,348.76,North
1244,06-02-2024,C155,138,4,1256,300.15,East
1245,25-03-2024,C329,346,5,1240,89.72,South
1246,28-03-2024,C132,160,6,654,44.86,West
1247,03-04-2024,C035,896,1,130,16.18,North
1248,12-07-2024,C433,841,4,648,138.55,West
1249,22-05-2024,C454,986,1,131,38.74,South
1250,06-03-2024,C490,454,9,2052,409.98,West
1251,07-05-2024,C306,870,7,819,150.73,West
1252,25-09-2024,C476,487,4,1228,174.21,North
1253,05-11-2024,C111,561,10,3800,619.51,East
1254,14-05-2024,C186,588,9,2007,582.21,East
1255,02-07-2024,C227,741,4,220,62.35,South
1256,27-07-2024,C346,716,10,4280,743.06,South
1257,11-02-2024,C288,682,6,2160,560.15,South
1258,12-09-2024,C429,108,9,4239,895.57,East
1259,31-10-2024,C349,845,7,2954,465.25,South
1260,17-10-2024,C373,115,6,792,50.47,North
1261,02-05-2024,C406,144,10,1890,180.57,East
1262,23-02-2024,C458,678,1,97,16.52,South
1263,18-08-2024,C309,39,8,1760,305.31,South
1264,20-10-2024,C228,957,2,602,48.78,West
1265,01-09-2024,C380,932,5,2375,256.46,West
1266,21-03-2024,C271,471,3,597,76.14,West
1267,05-04-2024,C355,778,2,534,117.51,East
1268,18-07-2024,C139,546,5,1310,149.06,North
1269,28-03-2024,C001,677,10,3600,757.43,South
1270,22-12-2024,C469,98,7,3185,534.65,North
1271,13-04-2024,C421,955,2,454,134.53,East
1272,28-06-2024,C168,791,3,813,201.74,West
1273,29-07-2024,C151,847,2,562,71.64,South
1274,19-09-2024,C146,56,3,609,151.74,West
1275,12-05-2024,C249,284,10,4660,582.44,East
1276,11-08-2024,C107,355,6,1200,356.54,East
1277,07-01-2024,C433,653,6,2304,338.15,North
1278,28-06-2024,C101,748,10,2610,502.65,North
1279,09-12-2024,C227,571,8,3408,191.99,North
1280,01-10-2024,C184,315,4,1176,346.92,East
1281,01-03-2024,C390,962,6,930,156.81,East
1282,26-07-2024,C365,555,5,1010,212.17,South
1283,03-12-2024,C282,977,3,1137,202.18,North
1284,12-12-2024,C425,559,8,2912,283.25,East
1285,25-04-2024,C115,740,4,1948,502.67,South
1286,17-09-2024,C256,206,5,2010,160.09,West
1287,04-10-2024,C272,296,1,411,52.66,East
1288,08-10-2024,C067,804,5,1705,256.1,West
1289,22-11-2024,C350,629,8,1400,300.89,South
1290,12-11-2024,C447,552,4,1392,162.56,East
1291,03-06-2024,C094,262,3,1434,125.12,West
1292,27-07-2024,C282,680,5,1370,196.51,East
1293,25-07-2024,C184,94,2,390,93.92,East
1294,11-04-2024,C327,313,4,1772,164,North
1295,30-04-2024,C377,152,6,2004,429.54,East
1296,28-02-2024,C234,573,1,469,32.57,East
1297,16-02-2024,C021,509,6,1308,205.05,North
1298,25-09-2024,C474,161,7,819,169.86,East
1299,28-05-2024,C285,851,6,864,56.53,East
1300,03-06-2024,C333,194,8,1600,96.28,North
1301,24-03-2024,C024,281,6,2106,380.75,West
1302,22-03-2024,C321,478,10,3670,1031.08,West
1303,06-02-2024,C219,724,6,2442,239.87,East
1304,18-12-2024,C481,761,2,706,64.74,North
1305,03-12-2024,C250,34,9,2016,101.44,East
1306,06-03-2024,C078,410,4,300,19.1,East
1307,14-11-2024,C433,189,3,567,67.72,East
1308,05-02-2024,C479,43,10,3230,963.53,West
1309,15-12-2024,C262,755,7,2450,502.57,North
1310,30-10-2024,C413,835,9,2574,350.65,South
1311,27-04-2024,C217,559,2,436,66.82,South
1312,31-07-2024,C419,301,1,250,65.26,North
1313,18-07-2024,C376,29,1,289,32.81,East
1314,23-05-2024,C115,493,8,2208,425.39,West
1315,26-02-2024,C014,5,10,1780,204.14,North
1316,24-06-2024,C241,469,2,634,94.54,South
1317,17-08-2024,C497,250,2,790,101.36,East
1318,18-06-2024,C137,957,2,634,94.1,North
1319,14-05-2024,C142,175,10,3900,945.03,North
1320,21-02-2024,C039,130,2,198,39.74,West
1321,01-01-2024,C494,492,1,208,11.36,South
1322,12-12-2024,C290,10,10,3560,1035.6,South
1323,02-05-2024,C311,887,10,1910,314.33,North
1324,29-03-2024,C467,458,5,1165,188.29,South
1325,18-06-2024,C364,286,6,2580,619.99,North
1326,08-01-2024,C010,975,2,740,181.43,South
1327,17-05-2024,C325,647,4,396,28.5,South
1328,26-08-2024,C190,733,7,2408,621.67,South
1329,09-09-2024,C017,160,4,448,60.31,North
1330,28-08-2024,C285,800,6,1992,187.31,West
1331,25-11-2024,C136,448,5,1435,371.97,East
1332,19-05-2024,C035,500,6,1284,229.96,East
1333,13-07-2024,C368,855,3,228,36.68,North
1334,31-03-2024,C231,94,4,1876,387.89,North
1335,17-04-2024,C286,212,4,1420,339.09,North
1336,02-07-2024,C408,515,9,4410,1243.3,South
1337,26-09-2024,C100,691,4,1716,141.42,South
1338,03-06-2024,C189,13,2,564,110.89,West
1339,23-04-2024,C131,65,1,370,91.07,North
1340,05-02-2024,C404,168,1,465,115.28,West
1341,20-08-2024,C472,6,1,364,60.9,South
1342,02-12-2024,C238,387,8,3000,584.81,East
1343,15-10-2024,C162,47,9,2223,466.5,East
1344,30-11-2024,C476,739,1,121,33.03,South
1345,04-11-2024,C366,221,1,75,20.93,East
1346,08-10-2024,C162,999,1,211,58.32,West
1347,15-02-2024,C004,724,4,1728,384.36,East
1348,21-12-2024,C332,164,2,886,239.98,South
1349,24-08-2024,C119,283,7,1085,77.22,North
1350,25-06-2024,C059,314,1,429,62.06,North
1351,23-12-2024,C309,881,3,432,43.97,East
1352,26-11-2024,C375,289,10,4260,909.88,East
1353,28-10-2024,C306,688,3,906,249.06,South
1354,30-04-2024,C153,755,7,3052,887.84,South
1355,10-12-2024,C367,40,3,261,58.19,East
1356,10-11-2024,C130,641,3,624,184.19,East
1357,06-11-2024,C256,209,10,2160,485.83,North
1358,24-09-2024,C135,550,10,4290,459.28,North
1359,11-07-2024,C411,316,10,4280,859.66,North
1360,09-01-2024,C222,779,4,364,89.86,West
1361,06-05-2024,C119,46,6,750,179.09,East
1362,01-06-2024,C307,797,10,1850,463.79,East
1363,10-09-2024,C066,707,2,162,19.17,South
1364,10-05-2024,C378,77,1,353,100.83,North
1365,27-07-2024,C028,186,1,448,80.93,South
1366,09-05-2024,C163,920,3,174,40.1,North
1367,24-11-2024,C369,812,1,68,16.39,South
1368,10-03-2024,C107,543,10,1730,246.18,North
1369,24-04-2024,C238,614,9,1107,128.58,West
1370,14-09-2024,C292,404,6,1122,270.47,East
1371,27-01-2024,C326,972,6,1332,243.16,North
1372,01-05-2024,C316,442,7,1785,212.57,West
1373,11-07-2024,C453,139,6,2082,336.37,East
1374,30-09-2024,C011,393,9,3645,887.78,East
1375,30-11-2024,C368,722,5,1590,214.37,East
1376,04-04-2024,C393,419,10,4440,805.93,East
1377,21-05-2024,C119,640,3,240,61.69,North
1378,24-07-2024,C014,345,9,1818,134.68,South
1379,12-06-2024,C190,432,7,3059,680.8,East
1380,10-10-2024,C429,199,9,2475,714.77,South
1381,29-09-2024,C132,533,10,680,199.54,North
1382,03-04-2024,C092,671,7,2065,249.32,North
1383,18-01-2024,C274,909,1,396,38.94,South
1384,12-01-2024,C466,607,7,1085,156.07,East
1385,13-03-2024,C324,385,2,878,61.5,South
1386,16-12-2024,C409,802,9,459,26.38,South
1387,14-08-2024,C056,650,6,426,69.15,North
1388,05-12-2024,C261,263,5,2410,210.45,East
1389,10-12-2024,C228,443,6,1926,401.78,West
1390,28-06-2024,C467,8,6,564,148.88,East
1391,24-06-2024,C130,290,9,2745,644.77,North
1392,14-01-2024,C107,107,7,2611,705.92,West
1393,14-05-2024,C003,478,9,1359,336.57,South
1394,20-08-2024,C447,196,9,1062,128.66,East
1395,27-11-2024,C361,634,4,1304,317.41,North
1396,17-05-2024,C105,941,10,1640,278.33,East
1397,20-12-2024,C193,527,2,640,101.49,East
1398,07-01-2024,C433,536,4,1832,233.91,East
1399,18-06-2024,C263,54,4,1664,273.81,West
1400,06-10-2024,C327,871,3,735,38.68,East
1401,17-03-2024,C181,295,4,1268,208.45,West
1402,27-02-2024,C405,571,9,1044,151.19,North
1403,12-06-2024,C197,516,3,1458,113.91,South
1404,10-11-2024,C244,52,7,945,241.14,South
1405,08-08-2024,C186,115,3,1023,210.46,South
1406,15-11-2024,C411,560,8,2688,535.88,South
1407,09-08-2024,C447,547,4,1924,455.42,South
1408,16-09-2024,C379,983,6,498,147.09,South
1409,05-04-2024,C445,127,1,458,116.15,North
1410,03-05-2024,C432,541,9,2844,600.82,East
1411,16-12-2024,C072,109,10,4070,251.84,East
1412,07-06-2024,C460,7,6,1092,317.66,East
1413,18-05-2024,C403,566,3,1101,254.77,West
1414,21-01-2024,C288,309,7,441,117.4,South
1415,24-11-2024,C328,579,9,3357,971.01,East
1416,09-01-2024,C277,504,3,438,30.6,North
1417,24-08-2024,C075,454,1,129,7.42,West
1418,26-04-2024,C229,678,6,1242,175,East
1419,10-10-2024,C118,684,2,738,112.3,North
1420,10-11-2024,C200,688,7,756,203.68,West
1421,10-02-2024,C325,219,2,760,54.36,South
1422,24-10-2024,C149,277,4,440,128.74,North
1423,27-11-2024,C355,95,7,3136,165.58,East
1424,18-01-2024,C277,626,10,2920,538.89,South
1425,06-02-2024,C262,540,9,1314,141.64,West
1426,21-06-2024,C152,781,4,1532,271.31,South
1427,27-11-2024,C155,53,6,1686,324.02,West
1428,21-09-2024,C039,225,5,1310,248,West
1429,22-08-2024,C473,5,2,246,19.26,North
1430,16-02-2024,C416,216,7,3262,903.06,South
1431,18-04-2024,C481,571,2,650,71.53,East
1432,27-02-2024,C361,645,3,684,172.12,West
1433,09-04-2024,C366,322,9,3195,781.79,West
1434,15-06-2024,C212,234,10,3100,691.22,North
1435,08-04-2024,C363,989,7,2247,157.57,East
1436,19-03-2024,C339,293,2,158,32.24,East
1437,01-05-2024,C487,724,1,452,24.26,North
1438,15-07-2024,C398,503,10,4140,389.02,North
1439,23-12-2024,C408,786,6,1314,197.25,East
1440,13-10-2024,C261,85,5,1420,149.32,North
1441,21-12-2024,C017,606,2,984,241.86,South
1442,14-11-2024,C004,223,7,2898,290.25,East
1443,08-07-2024,C424,266,2,340,22.95,North
1444,08-10-2024,C263,873,4,756,150.6,West
1445,28-06-2024,C457,983,10,4260,374.79,East
1446,18-07-2024,C363,778,4,1320,166.19,West
1447,11-06-2024,C079,231,4,436,71.97,East
1448,05-02-2024,C235,329,7,2156,174.24,North
1449,21-11-2024,C235,869,10,890,45.19,North
1450,03-08-2024,C131,689,6,504,145.06,East
1451,23-07-2024,C451,459,4,1592,473.62,East
1452,12-12-2024,C141,788,4,1820,216.68,North
1453,09-08-2024,C467,973,7,3479,386.41,South
1454,08-06-2024,C191,677,1,114,29.61,East
1455,11-03-2024,C458,295,1,245,33.3,East
1456,16-10-2024,C224,737,8,1872,283.04,West
1457,20-04-2024,C362,495,8,728,134.4,East
1458,03-12-2024,C237,152,9,4194,370.25,North
1459,19-07-2024,C424,181,1,233,45.81,West
1460,09-06-2024,C468,999,9,1179,278.89,South
1461,04-05-2024,C375,201,4,548,79.51,South
1462,19-01-2024,C375,368,2,378,80.71,East
1463,03-05-2024,C417,309,8,2800,325.01,West
1464,12-04-2024,C126,623,7,2065,370.42,East
1465,28-05-2024,C268,879,5,390,89.83,West
1466,01-02-2024,C045,117,1,422,53.54,South
1467,18-11-2024,C077,287,5,2380,510.23,North
1468,08-04-2024,C242,94,4,1780,323.1,South
1469,24-10-2024,C281,36,7,840,152.69,East
1470,25-01-2024,C049,868,8,1240,63.39,West
1471,10-12-2024,C499,944,5,1490,85.62,East
1472,23-11-2024,C423,54,4,288,84.39,East
1473,19-03-2024,C307,317,5,1460,320.31,East
1474,24-12-2024,C007,845,9,2169,149.83,West
1475,07-05-2024,C056,100,6,2814,833.82,North
1476,12-12-2024,C217,268,5,390,77.36,North
1477,07-04-2024,C345,772,2,496,70.95,South
1478,20-06-2024,C386,508,3,1284,211.17,East
1479,18-10-2024,C288,482,10,2100,578.99,North
1480,19-08-2024,C084,491,8,3608,943.45,East
1481,18-10-2024,C060,40,8,1312,271.62,South
1482,17-07-2024,C444,307,7,3437,768.35,West
1483,01-12-2024,C467,148,7,1624,149.72,East
1484,16-08-2024,C285,719,5,1030,165.7,North
1485,22-06-2024,C216,181,6,2934,219.81,North
1486,17-06-2024,C420,448,10,2970,835.75,South
1487,17-08-2024,C078,262,3,1011,284.04,South
1488,07-08-2024,C284,155,6,2868,538.94,North
1489,18-06-2024,C470,656,10,4110,648.6,East
1490,12-09-2024,C172,8,4,888,74.88,North
1491,16-08-2024,C476,548,6,1548,257.18,West
1492,14-09-2024,C141,427,3,1440,254.24,West
1493,20-08-2024,C165,689,10,1160,114.78,North
1494,01-08-2024,C239,278,7,2023,249.16,West
1495,20-07-2024,C377,702,4,1844,267.22,North
1496,12-03-2024,C129,943,6,1782,355.18,West
1497,09-02-2024,C062,10,7,2723,326.17,West
1498,26-08-2024,C358,793,5,1075,185.27,East
1499,16-01-2024,C013,509,4,280,28.09,North
1500,31-03-2024,C401,91,8,2216,424.33,North
1501,16-06-2024,C296,640,1,221,55,West
1502,23-01-2024,C437,54,8,3568,211.22,East
1503,05-05-2024,C411,830,1,134,34.73,North
1504,12-07-2024,C310,868,1,319,23,South
1505,10-09-2024,C453,759,5,1210,298.06,West
1506,08-05-2024,C480,378,5,635,41.35,West
1507,20-01-2024,C311,680,2,782,220.88,West
1508,28-08-2024,C116,428,10,1290,246.01,East
1509,09-09-2024,C035,207,6,1224,107.33,North
1510,16-11-2024,C217,516,6,606,98.75,East
1511,08-08-2024,C347,981,2,130,32.32,South
1512,27-09-2024,C017,534,4,368,75.18,West
1513,17-10-2024,C036,421,9,2250,140.42,South
1514,12-05-2024,C063,575,3,1338,341.6,East
1515,24-03-2024,C451,778,4,1680,348.95,East
1516,21-04-2024,C083,179,1,361,85.74,North
1517,23-06-2024,C120,47,7,441,101.18,West
1518,12-11-2024,C370,312,5,1600,415.46,East
1519,03-09-2024,C271,14,5,400,28.32,South
1520,02-09-2024,C270,804,3,312,33.4,East
1521,13-01-2024,C020,337,9,2961,717.2,East
1522,06-04-2024,C015,177,7,2779,269.62,East
1523,01-06-2024,C260,697,2,698,103.56,West
1524,03-01-2024,C166,607,9,1647,360.62,South
1525,15-06-2024,C106,593,8,3072,801.01,South
1526,12-12-2024,C452,578,8,3720,459.27,South
1527,10-11-2024,C086,96,10,1700,125.71,West
1528,16-12-2024,C496,449,4,1096,228.39,East
1529,03-07-2024,C331,234,8,560,51.55,West
1530,13-10-2024,C323,854,4,1052,99.13,East
1531,12-05-2024,C031,648,6,1050,153.99,West
1532,23-11-2024,C494,147,10,800,180.37,South
1533,04-09-2024,C205,768,5,2275,528.91,South
1534,22-08-2024,C038,377,6,2640,402.61,East
1535,30-08-2024,C208,27,5,1675,388.55,South
1536,27-07-2024,C397,110,10,630,177.21,North
1537,22-05-2024,C012,512,10,2600,467.4,West
1538,30-03-2024,C062,348,1,112,32.51,South
1539,11-04-2024,C053,38,6,1008,56.35,East
1540,10-01-2024,C215,460,6,780,166.25,South
1541,03-02-2024,C222,344,7,3353,884.99,East
1542,10-02-2024,C305,406,1,457,49.74,East
1543,06-08-2024,C328,36,10,1610,324.48,West
1544,06-10-2024,C413,31,4,528,102.51,West
1545,09-12-2024,C161,99,4,940,47.49,West
1546,25-08-2024,C289,398,5,1065,125.53,West
1547,27-04-2024,C048,394,4,796,164.83,West
1548,17-10-2024,C191,24,6,1362,357.78,East
1549,31-08-2024,C014,478,10,1910,422.26,West
1550,29-01-2024,C041,582,2,952,95.92,South
1551,18-12-2024,C151,37,10,4030,398.65,West
1552,16-06-2024,C062,224,8,744,111.41,East
1553,31-10-2024,C236,545,8,2824,488.02,East
1554,01-07-2024,C431,754,1,183,24.06,West
1555,22-08-2024,C368,449,7,420,98.39,East
1556,22-07-2024,C457,716,7,2051,356.99,West
1557,26-09-2024,C220,357,2,146,20.04,South
1558,26-01-2024,C310,642,9,2574,207.72,East
1559,08-11-2024,C328,754,2,444,28.31,South
1560,31-05-2024,C131,188,4,1120,153.25,East
1561,18-05-2024,C469,889,4,904,134.37,North
1562,02-03-2024,C175,236,7,945,127.25,East
1563,20-12-2024,C117,113,8,1048,66.4,East
1564,11-12-2024,C266,717,8,3488,486.94,North
1565,06-10-2024,C264,82,5,1230,238.78,North
1566,25-02-2024,C133,135,9,2682,222.72,North
1567,26-02-2024,C070,926,3,732,68.25,West
1568,16-02-2024,C415,136,9,927,150.94,South
1569,10-09-2024,C294,240,5,1460,422.88,West
1570,31-05-2024,C045,753,7,1225,193.74,West
1571,05-03-2024,C135,665,3,852,163.89,West
1572,10-06-2024,C470,566,8,2128,428.63,West
1573,20-02-2024,C324,422,4,312,18.32,North
1574,18-01-2024,C363,221,9,486,143.08,South
1575,20-12-2024,C472,234,5,1895,187.51,North
1576,30-10-2024,C394,600,8,3728,822.56,West
1577,23-02-2024,C340,385,6,1062,127.43,North
1578,26-08-2024,C266,879,1,67,5.44,North
1579,04-01-2024,C400,72,6,2364,518.25,South
1580,10-01-2024,C144,581,1,381,90.58,East
1581,04-01-2024,C414,162,10,3170,454.99,East
1582,15-09-2024,C193,459,8,2040,591.12,West
1583,03-09-2024,C079,108,2,676,188.53,East
1584,07-03-2024,C270,30,4,1400,346.64,South
1585,31-03-2024,C097,157,9,504,50.03,North
1586,26-12-2024,C099,514,5,2500,433.21,East
1587,06-11-2024,C451,136,9,1431,366.42,South
1588,27-03-2024,C063,278,10,1940,448.88,West
1589,09-12-2024,C333,572,9,3096,661.34,South
1590,25-03-2024,C310,533,6,2976,164.08,South
1591,04-05-2024,C459,571,3,1317,279.03,East
1592,09-05-2024,C056,483,10,4190,344.19,North
1593,24-11-2024,C245,986,3,1047,201.83,East
1594,15-04-2024,C352,345,9,3258,939.19,East
1595,01-09-2024,C334,401,6,1440,321.11,North
1596,25-05-2024,C479,140,6,900,266.98,North
1597,31-10-2024,C004,47,5,460,38.64,South
1598,09-12-2024,C432,379,2,466,59.66,East
1599,16-02-2024,C091,201,2,498,109.93,East
1600,11-01-2024,C170,218,5,1080,155.65,South
1601,28-02-2024,C175,517,6,1980,411.73,North
1602,09-10-2024,C303,194,6,534,96.89,North
1603,19-12-2024,C213,51,2,320,19.01,East
1604,28-05-2024,C434,423,8,2936,632.1,North
1605,04-01-2024,C396,901,1,300,33.33,East
1606,02-03-2024,C362,416,8,792,141.42,South
1607,12-10-2024,C386,172,9,3510,220.27,East
1608,21-04-2024,C190,696,4,556,80.26,West
1609,08-04-2024,C044,763,2,732,121.04,East
1610,28-11-2024,C354,868,9,4374,646.58,West
1611,29-06-2024,C427,152,4,592,59.19,West
1612,02-07-2024,C245,148,8,1632,255.12,West
1613,08-11-2024,C135,170,2,700,71.69,East
1614,05-06-2024,C088,692,1,92,21.85,South
1615,09-03-2024,C233,905,3,1311,203.52,East
1616,29-07-2024,C101,753,8,2008,529.4,East
1617,18-03-2024,C047,724,10,4630,298.42,South
1618,05-01-2024,C279,236,10,2390,277.93,South
1619,20-05-2024,C311,605,5,1125,332.53,South
1620,26-10-2024,C031,514,7,2345,364.97,East
1621,16-04-2024,C218,61,6,1044,282.19,West
1622,14-01-2024,C095,794,1,98,21.47,South
1623,20-08-2024,C042,331,10,4660,698.69,East
1624,01-08-2024,C125,273,6,2244,433.41,West
1625,04-12-2024,C449,769,10,2580,317.32,South
1626,17-06-2024,C333,244,8,3944,476.34,West
1627,29-02-2024,C423,452,6,834,139.38,West
1628,02-10-2024,C345,868,4,1008,160.68,West
1629,25-12-2024,C027,666,4,332,43.24,North
1630,22-10-2024,C080,678,4,352,36.02,North
1631,18-05-2024,C412,401,4,1352,129.28,East
1632,16-11-2024,C339,114,5,1805,532.84,East
1633,04-09-2024,C026,701,9,3816,889.91,South
1634,29-08-2024,C127,105,5,545,71.67,North
1635,26-10-2024,C072,331,5,2325,423.4,South
1636,20-09-2024,C087,490,3,1296,253.93,East
1637,24-10-2024,C061,449,4,1188,286.05,East
1638,12-12-2024,C079,28,1,104,21.75,East
1639,04-01-2024,C500,288,1,220,51.44,North
1640,17-05-2024,C074,463,2,794,98.85,North
1641,15-10-2024,C457,787,8,3000,439.59,West
1642,22-06-2024,C188,491,7,2282,259.3,South
1643,12-07-2024,C041,303,1,337,29.79,East
1644,21-06-2024,C272,992,1,228,34.4,West
1645,15-02-2024,C059,315,4,924,133.09,West
1646,30-12-2024,C002,161,6,2046,573.22,South
1647,14-01-2024,C218,495,6,318,84.82,East
1648,17-10-2024,C111,916,7,1050,186.32,West
1649,28-06-2024,C262,461,4,1040,60.42,West
1650,31-10-2024,C323,734,6,1830,370.7,North
1651,11-11-2024,C010,158,6,498,27.72,North
1652,01-05-2024,C013,321,2,920,121.14,South
1653,31-05-2024,C418,987,10,2780,829.22,East
1654,02-09-2024,C133,98,8,2176,474.75,North
1655,10-06-2024,C426,765,1,73,6.64,South
1656,12-03-2024,C153,792,1,203,31.32,East
1657,12-03-2024,C247,334,4,472,49.3,East
1658,22-07-2024,C166,874,4,1472,145.3,East
1659,30-03-2024,C420,504,7,1232,192.06,West
1660,08-12-2024,C340,290,9,2106,438.48,West
1661,03-01-2024,C473,60,9,2367,366.12,West
1662,21-03-2024,C479,697,5,900,143.22,West
1663,26-04-2024,C459,121,10,5000,881.73,East
1664,25-10-2024,C053,32,5,1795,478.67,West
1665,19-02-2024,C370,54,3,1149,88.99,South
1666,12-07-2024,C275,276,10,4550,507.48,South
1667,27-02-2024,C399,120,7,1316,155.64,North
1668,06-08-2024,C072,533,1,476,35.73,East
1669,20-08-2024,C032,692,4,304,77.55,South
1670,05-12-2024,C132,190,2,290,35.08,North
1671,22-01-2024,C182,762,4,1548,269.1,South
1672,09-04-2024,C020,415,2,480,91.35,South
1673,03-10-2024,C336,77,7,3486,789.43,West
1674,27-05-2024,C309,340,4,1572,85.02,West
1675,20-06-2024,C079,466,9,1620,478.26,North
1676,12-02-2024,C109,554,9,693,66.73,West
1677,20-07-2024,C411,682,9,846,94.23,South
1678,18-07-2024,C451,672,7,1568,358.28,East
1679,14-11-2024,C064,937,1,404,89.11,South
1680,01-01-2024,C299,275,9,2214,471.49,West
1681,08-08-2024,C421,736,4,864,176.18,West
1682,30-10-2024,C331,507,8,2272,529,East
1683,24-09-2024,C459,59,4,936,99.85,North
1684,10-05-2024,C107,958,1,95,18.13,South
1685,01-04-2024,C086,541,3,690,64.06,East
1686,12-04-2024,C362,820,7,1435,94.77,East
1687,02-06-2024,C279,238,9,1800,492.74,West
1688,08-06-2024,C089,922,7,987,90.16,East
1689,14-05-2024,C225,438,8,896,182.58,South
1690,25-12-2024,C318,730,10,3140,572.32,South
1691,06-03-2024,C083,497,8,960,53.65,South
1692,28-09-2024,C014,986,5,980,225.23,North
1693,17-05-2024,C413,197,8,1072,129.55,East
1694,22-11-2024,C120,860,8,3920,292.64,North
1695,19-02-2024,C371,224,9,3366,348.64,West
1696,11-09-2024,C387,71,6,1482,223.03,South
1697,17-09-2024,C421,663,5,1295,269.85,East
1698,31-10-2024,C056,135,6,354,52.02,South
1699,27-01-2024,C146,857,3,1269,300.07,North
1700,16-05-2024,C389,400,8,3376,844.85,East
1701,31-08-2024,C042,817,7,2261,323.52,East
1702,17-03-2024,C277,339,10,560,61.2,West
1703,19-03-2024,C122,10,6,1740,171.16,West
1704,26-02-2024,C048,521,2,990,205.59,West
1705,30-05-2024,C474,998,6,1956,537.43,South
1706,21-05-2024,C227,726,9,1764,517.02,East
1707,25-10-2024,C117,617,9,2556,641.98,West
1708,07-08-2024,C233,717,3,1134,171.07,East
1709,05-05-2024,C493,882,7,1659,358.19,East
1710,25-06-2024,C190,326,3,1083,65.86,East
1711,17-10-2024,C161,225,4,424,104.84,East
1712,30-04-2024,C459,347,9,3015,691.47,South
1713,11-12-2024,C312,269,4,1960,500.68,South
1714,06-04-2024,C175,653,4,1492,224.11,South
1715,27-02-2024,C309,948,5,1835,311.41,West
1716,24-09-2024,C390,628,9,1314,243.95,East
1717,24-05-2024,C259,987,7,1827,399.53,South
1718,02-07-2024,C468,711,6,1698,279.09,North
1719,06-03-2024,C214,972,8,2440,372.21,East
1720,29-11-2024,C266,153,5,1675,109.57,East
1721,07-10-2024,C084,784,6,834,246.49,East
1722,26-06-2024,C313,410,7,1442,332.39,South
1723,11-09-2024,C167,19,10,4100,1110.5,South
1724,31-10-2024,C230,138,4,380,27.42,West
1725,24-10-2024,C497,53,7,679,70.12,West
1726,05-08-2024,C094,815,3,1371,166.82,South
1727,26-12-2024,C444,899,9,3123,171.47,South
1728,28-08-2024,C151,551,9,2394,620.18,North
1729,19-12-2024,C099,858,10,4750,1142.3,South
1730,26-03-2024,C440,351,7,371,82.62,East
1731,10-09-2024,C320,137,4,1732,218.19,East
1732,23-01-2024,C249,19,10,3960,827.25,East
1733,26-03-2024,C022,21,9,3033,386.1,West
1734,02-12-2024,C339,146,10,2150,561.85,East
1735,16-02-2024,C008,682,4,1196,192.01,West
1736,24-02-2024,C064,453,2,182,48.86,West
1737,25-08-2024,C203,388,8,3496,660.24,East
1738,19-12-2024,C080,174,9,2799,706.27,East
1739,28-01-2024,C057,414,2,180,37.84,North
1740,30-12-2024,C044,284,2,350,35.89,West
1741,20-07-2024,C483,713,1,485,81.05,West
1742,14-05-2024,C349,765,7,2205,329.04,West
1743,01-12-2024,C248,593,8,3784,955.57,North
1744,12-10-2024,C418,624,10,4060,858.98,South
1745,16-02-2024,C431,414,1,126,34.99,East
1746,31-03-2024,C484,433,6,714,212.41,North
1747,04-03-2024,C148,219,7,2919,186.83,South
1748,11-03-2024,C099,77,4,1928,314.9,East
1749,30-04-2024,C307,784,5,1235,158.85,East
1750,11-12-2024,C288,929,8,2312,163.94,East
1751,07-02-2024,C098,808,7,3017,288.46,North
1752,01-02-2024,C373,459,9,972,211.66,East
1753,18-02-2024,C063,50,3,870,70.35,East
1754,04-09-2024,C054,889,4,1592,373.92,West
1755,13-08-2024,C234,75,3,1053,81.31,North
1756,06-07-2024,C350,213,8,968,151.86,East
1757,22-01-2024,C461,212,2,410,33.24,East
1758,28-05-2024,C214,212,4,1928,417.1,West
1759,05-07-2024,C298,164,1,283,59.79,South
1760,27-02-2024,C204,380,1,495,121.17,West
1761,11-09-2024,C442,30,2,196,13.71,South
1762,16-05-2024,C133,620,4,400,60.7,North
1763,06-12-2024,C020,342,7,2450,376.15,South
1764,03-11-2024,C477,73,8,3088,613.14,South
1765,20-01-2024,C280,148,4,1440,294.25,North
1766,16-04-2024,C107,566,10,1560,310.1,North
1767,29-10-2024,C204,294,6,606,110.97,West
1768,22-04-2024,C353,637,10,3570,1027.47,West
1769,01-07-2024,C158,950,1,321,22.3,West
1770,05-07-2024,C018,780,1,147,23.43,East
1771,26-05-2024,C133,667,8,1736,507.8,North
1772,07-08-2024,C252,244,3,924,200.62,East
1773,18-07-2024,C067,173,1,83,10.07,West
1774,15-12-2024,C138,981,7,3087,741.14,North
1775,21-10-2024,C433,97,2,736,194.78,East
1776,20-11-2024,C202,851,6,840,89.46,South
1777,04-04-2024,C455,259,2,570,67.52,East
1778,20-02-2024,C304,632,8,3024,268.05,East
1779,14-12-2024,C342,526,9,1701,501.43,East
1780,17-02-2024,C364,477,8,3232,805.18,South
1781,12-11-2024,C339,290,9,1224,302.65,East
1782,05-06-2024,C468,682,7,2835,196.48,South
1783,20-12-2024,C162,93,6,600,111.55,North
1784,19-05-2024,C310,270,9,2430,573.88,North
1785,29-04-2024,C385,424,6,1734,211.63,East
1786,02-06-2024,C486,883,3,1221,280.33,East
1787,01-03-2024,C092,74,3,309,49.23,East
1788,15-12-2024,C045,275,4,256,76.46,East
1789,06-04-2024,C377,444,7,3409,701.83,North
1790,06-03-2024,C328,192,1,170,24.02,West
1791,21-10-2024,C183,387,5,1370,401.33,East
1792,01-09-2024,C358,253,10,4690,262.95,West
1793,15-10-2024,C234,913,9,4446,705.15,South
1794,29-10-2024,C207,422,4,872,114.36,West
1795,15-01-2024,C367,897,10,2630,734.67,North
1796,11-02-2024,C188,564,5,425,76.27,West
1797,18-10-2024,C065,887,4,724,147.05,North
1798,29-03-2024,C377,955,7,2205,166.97,East
1799,08-05-2024,C230,555,7,623,77.98,South
1800,09-03-2024,C358,127,7,2520,426.64,South
1801,17-05-2024,C166,869,2,752,51.5,West
1802,05-01-2024,C214,641,4,1984,417.12,South
1803,08-12-2024,C093,464,2,788,232.04,East
1804,18-06-2024,C085,846,3,1125,195.2,North
1805,30-01-2024,C129,228,7,2121,612.45,East
1806,08-06-2024,C355,131,1,489,41.11,West
1807,26-08-2024,C005,767,4,1044,226.97,South
1808,09-03-2024,C494,390,1,482,76.21,East
1809,16-02-2024,C475,551,2,290,44.04,South
1810,28-12-2024,C111,240,3,294,57.24,West
1811,30-08-2024,C271,76,6,852,236.52,East
1812,04-12-2024,C141,203,6,678,88.12,North
1813,16-10-2024,C262,833,3,1308,173.04,North
1814,18-03-2024,C028,144,9,2115,485.03,South
1815,23-08-2024,C151,605,6,624,134.32,West
1816,31-07-2024,C492,773,2,726,149.47,West
1817,02-09-2024,C193,40,8,2408,485.67,North
1818,30-06-2024,C271,847,9,1746,276.01,North
1819,17-06-2024,C144,777,3,1029,123.14,North
1820,09-07-2024,C339,290,4,716,210.52,South
1821,22-02-2024,C090,801,4,1768,185.85,South
1822,26-11-2024,C046,726,7,1834,352.71,South
1823,21-03-2024,C196,129,2,850,119.13,North
1824,02-03-2024,C310,151,3,1482,247.55,North
1825,05-01-2024,C399,514,2,942,111.57,West
1826,14-01-2024,C358,864,1,395,105.97,West
1827,31-03-2024,C374,906,1,395,106.19,North
1828,08-10-2024,C345,300,3,1179,229.78,South
1829,04-02-2024,C029,941,6,1818,171.07,South
1830,30-08-2024,C343,541,9,4086,669.09,East
1831,11-11-2024,C175,440,5,1045,71.5,East
1832,24-03-2024,C292,663,10,3660,920.66,North
1833,09-11-2024,C420,527,2,842,235.62,North
1834,04-09-2024,C100,374,8,3240,835.5,East
1835,13-12-2024,C401,430,7,2513,578.81,West
1836,11-11-2024,C252,473,4,1940,187.76,West
1837,12-12-2024,C027,968,1,346,103.55,East
1838,09-01-2024,C045,994,7,3325,283.91,North
1839,28-11-2024,C042,376,5,2380,155.43,South
1840,14-09-2024,C208,722,5,2250,112.52,East
1841,10-10-2024,C456,178,7,2135,314.27,West
1842,17-07-2024,C441,278,3,303,46.77,West
1843,08-09-2024,C381,334,8,936,147.54,South
1844,07-11-2024,C001,323,2,316,38.64,North
1845,28-04-2024,C234,757,2,500,144.31,North
1846,25-03-2024,C140,810,8,3872,973.62,West
1847,15-08-2024,C030,710,4,676,160.94,East
1848,15-09-2024,C452,980,8,3864,954.06,South
1849,21-09-2024,C011,636,6,474,113.78,South
1850,26-02-2024,C072,24,4,948,94.18,West
1851,22-11-2024,C343,576,2,136,28.81,North
1852,13-11-2024,C368,14,1,438,48.69,North
1853,08-07-2024,C302,684,5,1190,151.63,North
1854,19-08-2024,C380,986,8,3168,230.9,East
1855,23-01-2024,C267,338,3,369,105.53,West
1856,20-12-2024,C060,125,10,4750,1084.22,North
1857,20-03-2024,C204,334,1,70,20.55,East
1858,01-08-2024,C440,640,1,286,65.17,West
1859,11-08-2024,C472,486,8,912,207.34,West
1860,23-09-2024,C457,767,8,1624,228.17,North
1861,05-02-2024,C382,474,1,411,24.13,North
1862,28-11-2024,C327,17,8,1768,158.69,East
1863,17-04-2024,C350,1,2,922,120.44,West
1864,04-03-2024,C231,106,8,1992,247.73,East
1865,15-03-2024,C173,12,4,996,226.25,East
1866,19-05-2024,C346,691,9,936,128.34,East
1867,30-08-2024,C264,623,2,452,23.67,East
1868,02-04-2024,C021,567,4,452,51.72,West
1869,08-02-2024,C309,938,6,1248,65.36,West
1870,20-08-2024,C208,652,1,146,25.28,South
1871,12-04-2024,C393,96,2,862,70.62,North
1872,30-10-2024,C279,578,6,1392,370.35,South
1873,27-02-2024,C162,644,3,252,64.9,West
1874,14-09-2024,C355,799,2,704,35.97,West
1875,10-04-2024,C221,676,10,1110,173.68,East
1876,16-07-2024,C135,617,5,270,69.05,South
1877,01-06-2024,C047,29,7,1085,255.37,East
1878,03-02-2024,C053,534,9,2151,557.07,South
1879,16-10-2024,C323,228,3,294,78.71,North
1880,10-01-2024,C255,950,8,2096,364.56,West
1881,30-12-2024,C460,47,3,1089,269.78,North
1882,24-04-2024,C137,834,3,261,53.72,South
1883,11-08-2024,C417,973,8,3752,194.1,North
1884,17-10-2024,C137,54,2,996,110.81,South
1885,25-10-2024,C232,126,3,924,234.32,West
1886,27-06-2024,C101,285,5,355,18.34,North
1887,16-06-2024,C438,17,5,2490,217.36,West
1888,04-06-2024,C488,738,9,2727,198.9,West
1889,12-04-2024,C276,69,5,810,210.19,South
1890,21-08-2024,C102,417,8,3880,1018.68,North
1891,22-02-2024,C256,684,2,662,46.92,West
1892,07-09-2024,C244,666,4,1772,528.24,South
1893,28-03-2024,C014,967,10,3920,757.02,South
1894,21-06-2024,C393,189,8,2624,452.28,South
1895,22-07-2024,C057,795,4,1984,561.52,North
1896,27-10-2024,C081,958,10,4250,289.62,West
1897,24-08-2024,C044,844,6,2508,610.29,East
1898,23-12-2024,C104,36,5,260,18.57,East
1899,13-10-2024,C194,36,1,401,119.92,West
1900,26-10-2024,C491,890,4,480,30.14,East
1901,12-01-2024,C040,529,9,468,30.19,West
1902,23-05-2024,C304,916,7,938,170.16,East
1903,29-04-2024,C373,91,7,3465,824.01,South
1904,12-12-2024,C272,186,4,1448,343.55,East
1905,13-08-2024,C138,389,4,1808,383.69,North
1906,22-01-2024,C068,359,7,588,46.85,East
1907,10-09-2024,C014,484,6,1500,88.1,North
1908,09-10-2024,C045,970,6,1836,231.97,West
1909,26-04-2024,C152,677,10,2340,639.23,East
1910,01-05-2024,C414,467,9,4248,282.43,East
1911,18-11-2024,C093,644,4,620,68.98,North
1912,16-01-2024,C265,287,6,924,231.18,South
1913,24-10-2024,C017,354,5,1845,535.12,West
1914,29-08-2024,C246,889,2,694,124.69,East
1915,03-02-2024,C080,202,10,1250,372.14,North
1916,10-09-2024,C240,550,9,4482,1186.06,South
1917,16-10-2024,C448,30,5,1920,206.31,North
1918,27-11-2024,C398,586,9,2556,753.4,North
1919,27-06-2024,C113,288,9,603,173.27,North
1920,30-11-2024,C113,179,2,174,21.88,South
1921,15-08-2024,C009,818,7,1827,499.17,East
1922,13-12-2024,C359,611,7,3052,162.41,North
1923,23-08-2024,C096,505,7,1911,564.94,East
1924,03-09-2024,C222,753,3,1116,209.4,West
1925,09-05-2024,C168,755,6,750,49.36,East
1926,17-01-2024,C485,31,3,279,35.96,West
1927,08-06-2024,C383,130,3,252,74.72,North
1928,08-07-2024,C287,506,6,2292,629.4,East
1929,31-05-2024,C289,948,10,1520,404.35,North
1930,06-03-2024,C452,471,9,3924,1120.42,North
1931,30-08-2024,C441,16,3,825,223.85,South
1932,13-10-2024,C392,578,5,320,58.89,East
1933,04-07-2024,C421,720,4,240,27.44,North
1934,29-04-2024,C250,447,1,241,24.13,North
1935,28-08-2024,C316,566,5,2130,181.14,South
1936,09-11-2024,C488,881,2,304,90.85,East
1937,05-08-2024,C057,530,5,1455,143.71,East
1938,13-01-2024,C427,279,10,3230,703.39,East
1939,25-01-2024,C493,62,3,963,96.12,South
1940,04-09-2024,C115,440,3,927,51.95,East
1941,04-09-2024,C092,45,9,4167,781.43,East
1942,29-02-2024,C284,207,4,936,252.34,South
1943,03-09-2024,C130,570,6,1620,99.16,West
1944,09-06-2024,C437,949,7,1540,431.45,North
1945,16-11-2024,C391,426,6,822,133.44,East
1946,01-07-2024,C096,558,4,1368,321.02,North
1947,07-08-2024,C347,576,10,1650,349.58,North
1948,26-02-2024,C047,481,7,2401,560.05,South
1949,21-01-2024,C493,819,10,2830,193.56,West
1950,09-08-2024,C293,448,3,897,70.33,North
1951,08-02-2024,C279,60,6,330,80.37,South
1952,18-05-2024,C153,808,2,670,61.42,South
1953,26-01-2024,C145,633,8,3968,792.33,North
1954,12-09-2024,C032,211,7,3241,768.05,North
1955,07-12-2024,C388,732,2,606,131.75,South
1956,07-07-2024,C406,543,10,2940,874.53,East
1957,08-11-2024,C196,513,4,416,61.86,West
1958,14-10-2024,C006,706,9,1557,139.51,East
1959,13-04-2024,C263,562,6,2562,237.05,North
1960,22-06-2024,C201,370,5,585,164.44,West
1961,16-04-2024,C077,127,8,592,122.45,West
1962,10-04-2024,C039,959,4,1408,98.33,East
1963,05-08-2024,C112,768,7,2261,476.2,West
1964,26-12-2024,C310,510,7,798,84.8,West
1965,31-03-2024,C468,339,4,1252,153.52,South
1966,25-12-2024,C287,233,8,1464,244.63,West
1967,18-09-2024,C451,219,3,1257,206.75,West
1968,16-05-2024,C091,399,5,490,111.5,South
1969,03-05-2024,C476,671,7,2919,303.38,East
1970,05-06-2024,C079,170,9,1242,248.66,South
1971,11-01-2024,C042,692,8,1912,518.64,West
1972,27-01-2024,C177,871,8,2752,656.65,West
1973,15-05-2024,C038,301,1,488,106.12,East
1974,18-04-2024,C020,465,3,1095,228.56,East
1975,26-07-2024,C029,996,3,828,161.91,North
1976,18-06-2024,C362,426,9,3348,929.52,West
1977,11-09-2024,C230,195,3,1269,264.71,West
1978,05-10-2024,C459,688,9,2808,508.62,South
1979,07-06-2024,C015,818,7,2891,449.54,South
1980,07-01-2024,C070,641,1,486,30.38,North
1981,06-08-2024,C063,646,10,3230,221.38,South
1982,20-11-2024,C078,968,7,1729,280.52,West
1983,22-12-2024,C155,200,1,268,22.83,West
1984,29-03-2024,C484,212,7,1351,384.25,North
1985,08-07-2024,C113,357,2,842,80.57,North
1986,08-01-2024,C102,212,7,2520,311.62,East
1987,12-10-2024,C161,945,3,516,92.64,West
1988,18-05-2024,C127,715,5,2470,340.12,North
1989,16-05-2024,C246,475,1,194,14.47,South
1990,21-06-2024,C322,510,2,828,48.79,South
1991,18-10-2024,C096,517,4,304,26.68,North
1992,25-11-2024,C477,229,2,642,93.94,South
1993,08-10-2024,C127,811,2,696,114.55,North
1994,11-11-2024,C263,76,7,3269,567.14,East
1995,11-09-2024,C479,723,9,3015,372.74,South
1996,15-10-2024,C018,407,2,488,84.52,North
1997,15-12-2024,C301,786,6,2742,705.13,West
1998,22-11-2024,C246,682,3,288,76.73,North
1999,08-12-2024,C105,621,3,663,177.67,South
2000,31-03-2024,C022,128,3,1107,331.79,North
